timeStamp,elapsed,label,responseCode,responseMessage,threadName,dataType,success,failureMessage,bytes,sentBytes,grpThreads,allThreads,URL,Latency,IdleTime,Connect
1777846526085,748,HTTP Request,200,OK,Config 2 1-1,text,false,"The operation lasted too long: It took 748 milliseconds, but should not have lasted longer than 470 milliseconds.",231,159,1,1,http://localhost:8079/?token=495324564&user=-1356107170&config=2,748,0,0
1777846527589,677,HTTP Request,200,OK,Config 2 1-1,text,false,"The operation lasted too long: It took 677 milliseconds, but should not have lasted longer than 470 milliseconds.",231,159,1,1,http://localhost:8079/?token=495324564&user=-1356107170&config=2,677,0,0
1777846529088,612,HTTP Request,200,OK,Config 2 1-1,text,false,"The operation lasted too long: It took 612 milliseconds, but should not have lasted longer than 470 milliseconds.",231,159,1,1,http://localhost:8079/?token=495324564&user=-1356107170&config=2,612,0,0
1777846530587,649,HTTP Request,200,OK,Config 2 1-1,text,false,"The operation lasted too long: It took 649 milliseconds, but should not have lasted longer than 470 milliseconds.",231,159,1,1,http://localhost:8079/?token=495324564&user=-1356107170&config=2,649,0,0
1777846532088,684,HTTP Request,200,OK,Config 2 1-1,text,false,"The operation lasted too long: It took 684 milliseconds, but should not have lasted longer than 470 milliseconds.",231,159,1,1,http://localhost:8079/?token=495324564&user=-1356107170&config=2,684,0,0
1777846533589,617,HTTP Request,200,OK,Config 2 1-1,text,false,"The operation lasted too long: It took 617 milliseconds, but should not have lasted longer than 470 milliseconds.",231,159,2,2,http://localhost:8079/?token=495324564&user=-1356107170&config=2,617,0,0
1777846533590,705,HTTP Request,200,OK,Config 2 1-2,text,false,"The operation lasted too long: It took 705 milliseconds, but should not have lasted longer than 470 milliseconds.",231,159,2,2,http://localhost:8079/?token=495324564&user=-1356107170&config=2,705,0,1
1777846535091,590,HTTP Request,200,OK,Config 2 1-2,text,false,"The operation lasted too long: It took 590 milliseconds, but should not have lasted longer than 470 milliseconds.",231,159,2,2,http://localhost:8079/?token=495324564&user=-1356107170&config=2,590,0,0
1777846535088,676,HTTP Request,200,OK,Config 2 1-1,text,false,"The operation lasted too long: It took 676 milliseconds, but should not have lasted longer than 470 milliseconds.",231,159,2,2,http://localhost:8079/?token=495324564&user=-1356107170&config=2,676,0,0
1777846536588,603,HTTP Request,200,OK,Config 2 1-1,text,false,"The operation lasted too long: It took 603 milliseconds, but should not have lasted longer than 470 milliseconds.",231,159,2,2,http://localhost:8079/?token=495324564&user=-1356107170&config=2,603,0,0
1777846536593,682,HTTP Request,200,OK,Config 2 1-2,text,false,"The operation lasted too long: It took 682 milliseconds, but should not have lasted longer than 470 milliseconds.",231,159,2,2,http://localhost:8079/?token=495324564&user=-1356107170&config=2,682,0,0
1777846538085,626,HTTP Request,200,OK,Config 2 1-1,text,false,"The operation lasted too long: It took 626 milliseconds, but should not have lasted longer than 470 milliseconds.",231,159,2,2,http://localhost:8079/?token=495324564&user=-1356107170&config=2,626,0,0
1777846538093,704,HTTP Request,200,OK,Config 2 1-2,text,false,"The operation lasted too long: It took 704 milliseconds, but should not have lasted longer than 470 milliseconds.",231,159,2,2,http://localhost:8079/?token=495324564&user=-1356107170&config=2,704,0,0
1777846539588,659,HTTP Request,200,OK,Config 2 1-1,text,false,"The operation lasted too long: It took 659 milliseconds, but should not have lasted longer than 470 milliseconds.",231,159,2,2,http://localhost:8079/?token=495324564&user=-1356107170&config=2,659,0,0
1777846539591,745,HTTP Request,200,OK,Config 2 1-2,text,false,"The operation lasted too long: It took 745 milliseconds, but should not have lasted longer than 470 milliseconds.",231,159,2,2,http://localhost:8079/?token=495324564&user=-1356107170&config=2,745,0,0
1777846541087,696,HTTP Request,200,OK,Config 2 1-1,text,false,"The operation lasted too long: It took 696 milliseconds, but should not have lasted longer than 470 milliseconds.",231,159,3,3,http://localhost:8079/?token=495324564&user=-1356107170&config=2,696,0,0
1777846541090,784,HTTP Request,200,OK,Config 2 1-3,text,false,"The operation lasted too long: It took 784 milliseconds, but should not have lasted longer than 470 milliseconds.",231,159,3,3,http://localhost:8079/?token=495324564&user=-1356107170&config=2,784,0,1
1777846541091,783,HTTP Request,200,OK,Config 2 1-2,text,false,"The operation lasted too long: It took 783 milliseconds, but should not have lasted longer than 470 milliseconds.",231,159,3,3,http://localhost:8079/?token=495324564&user=-1356107170&config=2,783,0,0
1777846542590,627,HTTP Request,200,OK,Config 2 1-2,text,false,"The operation lasted too long: It took 627 milliseconds, but should not have lasted longer than 470 milliseconds.",231,159,3,3,http://localhost:8079/?token=495324564&user=-1356107170&config=2,627,0,0
1777846542589,715,HTTP Request,200,OK,Config 2 1-1,text,false,"The operation lasted too long: It took 715 milliseconds, but should not have lasted longer than 470 milliseconds.",231,159,3,3,http://localhost:8079/?token=495324564&user=-1356107170&config=2,715,0,0
1777846542594,710,HTTP Request,200,OK,Config 2 1-3,text,false,"The operation lasted too long: It took 710 milliseconds, but should not have lasted longer than 470 milliseconds.",231,159,3,3,http://localhost:8079/?token=495324564&user=-1356107170&config=2,710,0,0
1777846544089,664,HTTP Request,200,OK,Config 2 1-1,text,false,"The operation lasted too long: It took 664 milliseconds, but should not have lasted longer than 470 milliseconds.",231,159,3,3,http://localhost:8079/?token=495324564&user=-1356107170&config=2,664,0,0
1777846544095,750,HTTP Request,200,OK,Config 2 1-3,text,false,"The operation lasted too long: It took 750 milliseconds, but should not have lasted longer than 470 milliseconds.",231,159,3,3,http://localhost:8079/?token=495324564&user=-1356107170&config=2,750,0,0
1777846544093,752,HTTP Request,200,OK,Config 2 1-2,text,false,"The operation lasted too long: It took 752 milliseconds, but should not have lasted longer than 470 milliseconds.",231,159,3,3,http://localhost:8079/?token=495324564&user=-1356107170&config=2,752,0,0
1777846545587,702,HTTP Request,200,OK,Config 2 1-1,text,false,"The operation lasted too long: It took 702 milliseconds, but should not have lasted longer than 470 milliseconds.",231,159,3,3,http://localhost:8079/?token=495324564&user=-1356107170&config=2,702,0,0
1777846545593,696,HTTP Request,200,OK,Config 2 1-2,text,false,"The operation lasted too long: It took 696 milliseconds, but should not have lasted longer than 470 milliseconds.",231,159,3,3,http://localhost:8079/?token=495324564&user=-1356107170&config=2,696,0,0
1777846545593,781,HTTP Request,200,OK,Config 2 1-3,text,false,"The operation lasted too long: It took 781 milliseconds, but should not have lasted longer than 470 milliseconds.",231,159,3,3,http://localhost:8079/?token=495324564&user=-1356107170&config=2,781,0,0
1777846547090,608,HTTP Request,200,OK,Config 2 1-3,text,false,"The operation lasted too long: It took 608 milliseconds, but should not have lasted longer than 470 milliseconds.",231,159,3,3,http://localhost:8079/?token=495324564&user=-1356107170&config=2,608,0,0
1777846547093,692,HTTP Request,200,OK,Config 2 1-2,text,false,"The operation lasted too long: It took 692 milliseconds, but should not have lasted longer than 470 milliseconds.",231,159,3,3,http://localhost:8079/?token=495324564&user=-1356107170&config=2,692,0,0
1777846547089,696,HTTP Request,200,OK,Config 2 1-1,text,false,"The operation lasted too long: It took 696 milliseconds, but should not have lasted longer than 470 milliseconds.",231,159,3,3,http://localhost:8079/?token=495324564&user=-1356107170&config=2,696,0,0
1777846548592,646,HTTP Request,200,OK,Config 2 1-2,text,false,"The operation lasted too long: It took 646 milliseconds, but should not have lasted longer than 470 milliseconds.",231,159,4,4,http://localhost:8079/?token=495324564&user=-1356107170&config=2,646,0,0
1777846548589,736,HTTP Request,200,OK,Config 2 1-4,text,false,"The operation lasted too long: It took 736 milliseconds, but should not have lasted longer than 470 milliseconds.",231,159,4,4,http://localhost:8079/?token=495324564&user=-1356107170&config=2,736,0,0
1777846548588,737,HTTP Request,200,OK,Config 2 1-1,text,false,"The operation lasted too long: It took 737 milliseconds, but should not have lasted longer than 470 milliseconds.",231,159,4,4,http://localhost:8079/?token=495324564&user=-1356107170&config=2,737,0,0
1777846548592,733,HTTP Request,200,OK,Config 2 1-3,text,false,"The operation lasted too long: It took 733 milliseconds, but should not have lasted longer than 470 milliseconds.",231,159,4,4,http://localhost:8079/?token=495324564&user=-1356107170&config=2,733,0,0
1777846550089,605,HTTP Request,200,OK,Config 2 1-4,text,false,"The operation lasted too long: It took 605 milliseconds, but should not have lasted longer than 470 milliseconds.",231,159,4,4,http://localhost:8079/?token=495324564&user=-1356107170&config=2,605,0,0
1777846550094,693,HTTP Request,200,OK,Config 2 1-2,text,false,"The operation lasted too long: It took 693 milliseconds, but should not have lasted longer than 470 milliseconds.",231,159,4,4,http://localhost:8079/?token=495324564&user=-1356107170&config=2,693,0,0
1777846550094,693,HTTP Request,200,OK,Config 2 1-3,text,false,"The operation lasted too long: It took 693 milliseconds, but should not have lasted longer than 470 milliseconds.",231,159,4,4,http://localhost:8079/?token=495324564&user=-1356107170&config=2,693,0,0
1777846550090,697,HTTP Request,200,OK,Config 2 1-1,text,false,"The operation lasted too long: It took 697 milliseconds, but should not have lasted longer than 470 milliseconds.",231,159,4,4,http://localhost:8079/?token=495324564&user=-1356107170&config=2,697,0,0
1777846551590,640,HTTP Request,200,OK,Config 2 1-1,text,false,"The operation lasted too long: It took 640 milliseconds, but should not have lasted longer than 470 milliseconds.",231,159,4,4,http://localhost:8079/?token=495324564&user=-1356107170&config=2,640,0,0
1777846551591,724,HTTP Request,200,OK,Config 2 1-3,text,false,"The operation lasted too long: It took 724 milliseconds, but should not have lasted longer than 470 milliseconds.",231,159,4,4,http://localhost:8079/?token=495324564&user=-1356107170&config=2,723,0,0
1777846551592,723,HTTP Request,200,OK,Config 2 1-2,text,false,"The operation lasted too long: It took 723 milliseconds, but should not have lasted longer than 470 milliseconds.",231,159,4,4,http://localhost:8079/?token=495324564&user=-1356107170&config=2,722,0,0
1777846551591,724,HTTP Request,200,OK,Config 2 1-4,text,false,"The operation lasted too long: It took 724 milliseconds, but should not have lasted longer than 470 milliseconds.",231,159,4,4,http://localhost:8079/?token=495324564&user=-1356107170&config=2,723,0,0
1777846553085,608,HTTP Request,200,OK,Config 2 1-1,text,false,"The operation lasted too long: It took 608 milliseconds, but should not have lasted longer than 470 milliseconds.",231,159,4,4,http://localhost:8079/?token=495324564&user=-1356107170&config=2,608,0,0
1777846553092,696,HTTP Request,200,OK,Config 2 1-3,text,false,"The operation lasted too long: It took 696 milliseconds, but should not have lasted longer than 470 milliseconds.",231,159,4,4,http://localhost:8079/?token=495324564&user=-1356107170&config=2,696,0,0
1777846553093,695,HTTP Request,200,OK,Config 2 1-2,text,false,"The operation lasted too long: It took 695 milliseconds, but should not have lasted longer than 470 milliseconds.",231,159,4,4,http://localhost:8079/?token=495324564&user=-1356107170&config=2,695,0,0
1777846553093,695,HTTP Request,200,OK,Config 2 1-4,text,false,"The operation lasted too long: It took 695 milliseconds, but should not have lasted longer than 470 milliseconds.",231,159,4,4,http://localhost:8079/?token=495324564&user=-1356107170&config=2,695,0,0
1777846554589,641,HTTP Request,200,OK,Config 2 1-4,text,false,"The operation lasted too long: It took 641 milliseconds, but should not have lasted longer than 470 milliseconds.",231,159,4,4,http://localhost:8079/?token=495324564&user=-1356107170&config=2,641,0,0
1777846554588,726,HTTP Request,200,OK,Config 2 1-1,text,false,"The operation lasted too long: It took 726 milliseconds, but should not have lasted longer than 470 milliseconds.",231,159,4,4,http://localhost:8079/?token=495324564&user=-1356107170&config=2,726,0,0
1777846554595,719,HTTP Request,200,OK,Config 2 1-2,text,false,"The operation lasted too long: It took 719 milliseconds, but should not have lasted longer than 470 milliseconds.",231,159,4,4,http://localhost:8079/?token=495324564&user=-1356107170&config=2,719,0,0
1777846554595,719,HTTP Request,200,OK,Config 2 1-3,text,false,"The operation lasted too long: It took 719 milliseconds, but should not have lasted longer than 470 milliseconds.",231,159,4,4,http://localhost:8079/?token=495324564&user=-1356107170&config=2,719,0,0
1777846556089,646,HTTP Request,200,OK,Config 2 1-4,text,false,"The operation lasted too long: It took 646 milliseconds, but should not have lasted longer than 470 milliseconds.",231,159,5,5,http://localhost:8079/?token=495324564&user=-1356107170&config=2,646,0,0
1777846556095,730,HTTP Request,200,OK,Config 2 1-3,text,false,"The operation lasted too long: It took 730 milliseconds, but should not have lasted longer than 470 milliseconds.",231,159,5,5,http://localhost:8079/?token=495324564&user=-1356107170&config=2,730,0,0
1777846556089,736,HTTP Request,200,OK,Config 2 1-1,text,false,"The operation lasted too long: It took 736 milliseconds, but should not have lasted longer than 470 milliseconds.",231,159,5,5,http://localhost:8079/?token=495324564&user=-1356107170&config=2,736,0,0
1777846556095,730,HTTP Request,200,OK,Config 2 1-2,text,false,"The operation lasted too long: It took 730 milliseconds, but should not have lasted longer than 470 milliseconds.",231,159,5,5,http://localhost:8079/?token=495324564&user=-1356107170&config=2,730,0,0
1777846556091,734,HTTP Request,200,OK,Config 2 1-5,text,false,"The operation lasted too long: It took 734 milliseconds, but should not have lasted longer than 470 milliseconds.",231,159,5,5,http://localhost:8079/?token=495324564&user=-1356107170&config=2,734,0,2
1777846557590,683,HTTP Request,200,OK,Config 2 1-1,text,false,"The operation lasted too long: It took 683 milliseconds, but should not have lasted longer than 470 milliseconds.",231,159,5,5,http://localhost:8079/?token=495324564&user=-1356107170&config=2,683,0,0
1777846557591,774,HTTP Request,200,OK,Config 2 1-3,text,false,"The operation lasted too long: It took 774 milliseconds, but should not have lasted longer than 470 milliseconds.",231,159,5,5,http://localhost:8079/?token=495324564&user=-1356107170&config=2,774,0,0
1777846557591,774,HTTP Request,200,OK,Config 2 1-5,text,false,"The operation lasted too long: It took 774 milliseconds, but should not have lasted longer than 470 milliseconds.",231,159,5,5,http://localhost:8079/?token=495324564&user=-1356107170&config=2,774,0,0
1777846557594,771,HTTP Request,200,OK,Config 2 1-2,text,false,"The operation lasted too long: It took 771 milliseconds, but should not have lasted longer than 470 milliseconds.",231,159,5,5,http://localhost:8079/?token=495324564&user=-1356107170&config=2,771,0,0
1777846557591,774,HTTP Request,200,OK,Config 2 1-4,text,false,"The operation lasted too long: It took 774 milliseconds, but should not have lasted longer than 470 milliseconds.",231,159,5,5,http://localhost:8079/?token=495324564&user=-1356107170&config=2,774,0,0
1777846559089,718,HTTP Request,200,OK,Config 2 1-4,text,false,"The operation lasted too long: It took 718 milliseconds, but should not have lasted longer than 470 milliseconds.",231,159,5,5,http://localhost:8079/?token=495324564&user=-1356107170&config=2,718,0,0
1777846559092,804,HTTP Request,200,OK,Config 2 1-2,text,false,"The operation lasted too long: It took 804 milliseconds, but should not have lasted longer than 470 milliseconds.",231,159,5,5,http://localhost:8079/?token=495324564&user=-1356107170&config=2,804,0,0
1777846559096,800,HTTP Request,200,OK,Config 2 1-5,text,false,"The operation lasted too long: It took 800 milliseconds, but should not have lasted longer than 470 milliseconds.",231,159,5,5,http://localhost:8079/?token=495324564&user=-1356107170&config=2,800,0,0
1777846559096,800,HTTP Request,200,OK,Config 2 1-3,text,false,"The operation lasted too long: It took 800 milliseconds, but should not have lasted longer than 470 milliseconds.",231,159,5,5,http://localhost:8079/?token=495324564&user=-1356107170&config=2,800,0,0
1777846559088,808,HTTP Request,200,OK,Config 2 1-1,text,false,"The operation lasted too long: It took 808 milliseconds, but should not have lasted longer than 470 milliseconds.",231,159,5,5,http://localhost:8079/?token=495324564&user=-1356107170&config=2,808,0,0
1777846560588,653,HTTP Request,200,OK,Config 2 1-4,text,false,"The operation lasted too long: It took 653 milliseconds, but should not have lasted longer than 470 milliseconds.",231,159,5,5,http://localhost:8079/?token=495324564&user=-1356107170&config=2,653,0,0
1777846560589,736,HTTP Request,200,OK,Config 2 1-1,text,false,"The operation lasted too long: It took 736 milliseconds, but should not have lasted longer than 470 milliseconds.",231,159,5,5,http://localhost:8079/?token=495324564&user=-1356107170&config=2,736,0,0
1777846560595,730,HTTP Request,200,OK,Config 2 1-5,text,false,"The operation lasted too long: It took 730 milliseconds, but should not have lasted longer than 470 milliseconds.",231,159,5,5,http://localhost:8079/?token=495324564&user=-1356107170&config=2,730,0,0
1777846560594,731,HTTP Request,200,OK,Config 2 1-2,text,false,"The operation lasted too long: It took 731 milliseconds, but should not have lasted longer than 470 milliseconds.",231,159,5,5,http://localhost:8079/?token=495324564&user=-1356107170&config=2,731,0,0
1777846560594,732,HTTP Request,200,OK,Config 2 1-3,text,false,"The operation lasted too long: It took 732 milliseconds, but should not have lasted longer than 470 milliseconds.",231,159,5,5,http://localhost:8079/?token=495324564&user=-1356107170&config=2,731,0,0
1777846562089,688,HTTP Request,200,OK,Config 2 1-1,text,false,"The operation lasted too long: It took 688 milliseconds, but should not have lasted longer than 470 milliseconds.",231,159,5,5,http://localhost:8079/?token=495324564&user=-1356107170&config=2,688,0,0
1777846562096,772,HTTP Request,200,OK,Config 2 1-3,text,false,"The operation lasted too long: It took 772 milliseconds, but should not have lasted longer than 470 milliseconds.",231,159,5,5,http://localhost:8079/?token=495324564&user=-1356107170&config=2,772,0,0
1777846562090,778,HTTP Request,200,OK,Config 2 1-4,text,false,"The operation lasted too long: It took 778 milliseconds, but should not have lasted longer than 470 milliseconds.",231,159,5,5,http://localhost:8079/?token=495324564&user=-1356107170&config=2,778,0,0
1777846562096,772,HTTP Request,200,OK,Config 2 1-2,text,false,"The operation lasted too long: It took 772 milliseconds, but should not have lasted longer than 470 milliseconds.",231,159,5,5,http://localhost:8079/?token=495324564&user=-1356107170&config=2,772,0,0
1777846562096,772,HTTP Request,200,OK,Config 2 1-5,text,false,"The operation lasted too long: It took 772 milliseconds, but should not have lasted longer than 470 milliseconds.",231,159,5,5,http://localhost:8079/?token=495324564&user=-1356107170&config=2,772,0,0
1777846563584,614,HTTP Request,200,OK,Config 2 1-1,text,false,"The operation lasted too long: It took 614 milliseconds, but should not have lasted longer than 470 milliseconds.",231,159,6,6,http://localhost:8079/?token=495324564&user=-1356107170&config=2,614,0,0
1777846563591,693,HTTP Request,200,OK,Config 2 1-4,text,false,"The operation lasted too long: It took 693 milliseconds, but should not have lasted longer than 470 milliseconds.",231,159,6,6,http://localhost:8079/?token=495324564&user=-1356107170&config=2,693,0,0
1777846563593,691,HTTP Request,200,OK,Config 2 1-3,text,false,"The operation lasted too long: It took 691 milliseconds, but should not have lasted longer than 470 milliseconds.",231,159,6,6,http://localhost:8079/?token=495324564&user=-1356107170&config=2,691,0,0
1777846563591,693,HTTP Request,200,OK,Config 2 1-5,text,false,"The operation lasted too long: It took 693 milliseconds, but should not have lasted longer than 470 milliseconds.",231,159,6,6,http://localhost:8079/?token=495324564&user=-1356107170&config=2,693,0,0
1777846563592,692,HTTP Request,200,OK,Config 2 1-2,text,false,"The operation lasted too long: It took 692 milliseconds, but should not have lasted longer than 470 milliseconds.",231,159,6,6,http://localhost:8079/?token=495324564&user=-1356107170&config=2,692,0,0
1777846563592,782,HTTP Request,200,OK,Config 2 1-6,text,false,"The operation lasted too long: It took 782 milliseconds, but should not have lasted longer than 470 milliseconds.",231,159,6,6,http://localhost:8079/?token=495324564&user=-1356107170&config=2,782,0,0
1777846565089,626,HTTP Request,200,OK,Config 2 1-1,text,false,"The operation lasted too long: It took 626 milliseconds, but should not have lasted longer than 470 milliseconds.",231,159,6,6,http://localhost:8079/?token=495324564&user=-1356107170&config=2,626,0,0
1777846565091,624,HTTP Request,200,OK,Config 2 1-2,text,false,"The operation lasted too long: It took 624 milliseconds, but should not have lasted longer than 470 milliseconds.",231,159,6,6,http://localhost:8079/?token=495324564&user=-1356107170&config=2,624,0,0
1777846565091,624,HTTP Request,200,OK,Config 2 1-3,text,false,"The operation lasted too long: It took 624 milliseconds, but should not have lasted longer than 470 milliseconds.",231,159,6,6,http://localhost:8079/?token=495324564&user=-1356107170&config=2,624,0,0
1777846565092,623,HTTP Request,200,OK,Config 2 1-5,text,false,"The operation lasted too long: It took 623 milliseconds, but should not have lasted longer than 470 milliseconds.",231,159,6,6,http://localhost:8079/?token=495324564&user=-1356107170&config=2,623,0,0
1777846565092,623,HTTP Request,200,OK,Config 2 1-4,text,false,"The operation lasted too long: It took 623 milliseconds, but should not have lasted longer than 470 milliseconds.",231,159,6,6,http://localhost:8079/?token=495324564&user=-1356107170&config=2,623,0,0
1777846565091,714,HTTP Request,200,OK,Config 2 1-6,text,false,"The operation lasted too long: It took 714 milliseconds, but should not have lasted longer than 470 milliseconds.",231,159,6,6,http://localhost:8079/?token=495324564&user=-1356107170&config=2,714,0,0
1777846566589,621,HTTP Request,200,OK,Config 2 1-1,text,false,"The operation lasted too long: It took 621 milliseconds, but should not have lasted longer than 470 milliseconds.",231,159,6,6,http://localhost:8079/?token=495324564&user=-1356107170&config=2,620,0,0
1777846566592,623,HTTP Request,200,OK,Config 2 1-6,text,false,"The operation lasted too long: It took 623 milliseconds, but should not have lasted longer than 470 milliseconds.",231,159,6,6,http://localhost:8079/?token=495324564&user=-1356107170&config=2,623,0,0
1777846566593,622,HTTP Request,200,OK,Config 2 1-3,text,false,"The operation lasted too long: It took 622 milliseconds, but should not have lasted longer than 470 milliseconds.",231,159,6,6,http://localhost:8079/?token=495324564&user=-1356107170&config=2,622,0,0
1777846566592,623,HTTP Request,200,OK,Config 2 1-4,text,false,"The operation lasted too long: It took 623 milliseconds, but should not have lasted longer than 470 milliseconds.",231,159,6,6,http://localhost:8079/?token=495324564&user=-1356107170&config=2,623,0,0
1777846566595,620,HTTP Request,200,OK,Config 2 1-2,text,false,"The operation lasted too long: It took 620 milliseconds, but should not have lasted longer than 470 milliseconds.",231,159,6,6,http://localhost:8079/?token=495324564&user=-1356107170&config=2,620,0,0
1777846566593,711,HTTP Request,200,OK,Config 2 1-5,text,false,"The operation lasted too long: It took 711 milliseconds, but should not have lasted longer than 470 milliseconds.",231,159,6,6,http://localhost:8079/?token=495324564&user=-1356107170&config=2,711,0,0
1777846568095,617,HTTP Request,200,OK,Config 2 1-5,text,false,"The operation lasted too long: It took 617 milliseconds, but should not have lasted longer than 470 milliseconds.",231,159,6,6,http://localhost:8079/?token=495324564&user=-1356107170&config=2,617,0,0
1777846568095,617,HTTP Request,200,OK,Config 2 1-3,text,false,"The operation lasted too long: It took 617 milliseconds, but should not have lasted longer than 470 milliseconds.",231,159,6,6,http://localhost:8079/?token=495324564&user=-1356107170&config=2,617,0,0
1777846568095,713,HTTP Request,200,OK,Config 2 1-2,text,false,"The operation lasted too long: It took 713 milliseconds, but should not have lasted longer than 470 milliseconds.",231,159,6,6,http://localhost:8079/?token=495324564&user=-1356107170&config=2,713,0,0
1777846568092,716,HTTP Request,200,OK,Config 2 1-4,text,false,"The operation lasted too long: It took 716 milliseconds, but should not have lasted longer than 470 milliseconds.",231,159,6,6,http://localhost:8079/?token=495324564&user=-1356107170&config=2,716,0,0
1777846568095,713,HTTP Request,200,OK,Config 2 1-6,text,false,"The operation lasted too long: It took 713 milliseconds, but should not have lasted longer than 470 milliseconds.",231,159,6,6,http://localhost:8079/?token=495324564&user=-1356107170&config=2,713,0,0
1777846568089,719,HTTP Request,200,OK,Config 2 1-1,text,false,"The operation lasted too long: It took 719 milliseconds, but should not have lasted longer than 470 milliseconds.",231,159,6,6,http://localhost:8079/?token=495324564&user=-1356107170&config=2,719,0,0
1777846569596,657,HTTP Request,200,OK,Config 2 1-3,text,false,"The operation lasted too long: It took 657 milliseconds, but should not have lasted longer than 470 milliseconds.",231,159,6,6,http://localhost:8079/?token=495324564&user=-1356107170&config=2,657,0,0
1777846569588,665,HTTP Request,200,OK,Config 2 1-4,text,false,"The operation lasted too long: It took 665 milliseconds, but should not have lasted longer than 470 milliseconds.",231,159,6,6,http://localhost:8079/?token=495324564&user=-1356107170&config=2,665,0,0
1777846569596,657,HTTP Request,200,OK,Config 2 1-5,text,false,"The operation lasted too long: It took 657 milliseconds, but should not have lasted longer than 470 milliseconds.",231,159,6,6,http://localhost:8079/?token=495324564&user=-1356107170&config=2,657,0,0
1777846569589,664,HTTP Request,200,OK,Config 2 1-1,text,false,"The operation lasted too long: It took 664 milliseconds, but should not have lasted longer than 470 milliseconds.",231,159,6,6,http://localhost:8079/?token=495324564&user=-1356107170&config=2,664,0,0
1777846569592,661,HTTP Request,200,OK,Config 2 1-6,text,false,"The operation lasted too long: It took 661 milliseconds, but should not have lasted longer than 470 milliseconds.",231,159,6,6,http://localhost:8079/?token=495324564&user=-1356107170&config=2,661,0,0
1777846569592,754,HTTP Request,200,OK,Config 2 1-2,text,false,"The operation lasted too long: It took 754 milliseconds, but should not have lasted longer than 470 milliseconds.",231,159,6,6,http://localhost:8079/?token=495324564&user=-1356107170&config=2,754,0,0
1777846571091,613,HTTP Request,200,OK,Config 2 1-2,text,false,"The operation lasted too long: It took 613 milliseconds, but should not have lasted longer than 470 milliseconds.",231,159,7,7,http://localhost:8079/?token=495324564&user=-1356107170&config=2,613,0,0
1777846571092,626,HTTP Request,200,OK,Config 2 1-3,text,false,"The operation lasted too long: It took 626 milliseconds, but should not have lasted longer than 470 milliseconds.",231,159,7,7,http://localhost:8079/?token=495324564&user=-1356107170&config=2,626,0,0
1777846571093,625,HTTP Request,200,OK,Config 2 1-4,text,false,"The operation lasted too long: It took 625 milliseconds, but should not have lasted longer than 470 milliseconds.",231,159,7,7,http://localhost:8079/?token=495324564&user=-1356107170&config=2,625,0,0
1777846571097,621,HTTP Request,200,OK,Config 2 1-6,text,false,"The operation lasted too long: It took 621 milliseconds, but should not have lasted longer than 470 milliseconds.",231,159,7,7,http://localhost:8079/?token=495324564&user=-1356107170&config=2,621,0,0
1777846571087,631,HTTP Request,200,OK,Config 2 1-1,text,false,"The operation lasted too long: It took 631 milliseconds, but should not have lasted longer than 470 milliseconds.",231,159,7,7,http://localhost:8079/?token=495324564&user=-1356107170&config=2,631,0,0
1777846571095,711,HTTP Request,200,OK,Config 2 1-5,text,false,"The operation lasted too long: It took 711 milliseconds, but should not have lasted longer than 470 milliseconds.",231,159,7,7,http://localhost:8079/?token=495324564&user=-1356107170&config=2,711,0,0
1777846571097,801,HTTP Request,200,OK,Config 2 1-7,text,false,"The operation lasted too long: It took 801 milliseconds, but should not have lasted longer than 470 milliseconds.",231,159,7,7,http://localhost:8079/?token=495324564&user=-1356107170&config=2,801,0,1
1777846572588,634,HTTP Request,200,OK,Config 2 1-4,text,false,"The operation lasted too long: It took 634 milliseconds, but should not have lasted longer than 470 milliseconds.",231,159,7,7,http://localhost:8079/?token=495324564&user=-1356107170&config=2,634,0,0
1777846572595,628,HTTP Request,200,OK,Config 2 1-7,text,false,"The operation lasted too long: It took 628 milliseconds, but should not have lasted longer than 470 milliseconds.",231,159,7,7,http://localhost:8079/?token=495324564&user=-1356107170&config=2,628,0,0
1777846572597,626,HTTP Request,200,OK,Config 2 1-6,text,false,"The operation lasted too long: It took 626 milliseconds, but should not have lasted longer than 470 milliseconds.",231,159,7,7,http://localhost:8079/?token=495324564&user=-1356107170&config=2,626,0,0
1777846572590,633,HTTP Request,200,OK,Config 2 1-1,text,false,"The operation lasted too long: It took 633 milliseconds, but should not have lasted longer than 470 milliseconds.",231,159,7,7,http://localhost:8079/?token=495324564&user=-1356107170&config=2,633,0,0
1777846572593,630,HTTP Request,200,OK,Config 2 1-5,text,false,"The operation lasted too long: It took 630 milliseconds, but should not have lasted longer than 470 milliseconds.",231,159,7,7,http://localhost:8079/?token=495324564&user=-1356107170&config=2,630,0,0
1777846572593,723,HTTP Request,200,OK,Config 2 1-2,text,false,"The operation lasted too long: It took 723 milliseconds, but should not have lasted longer than 470 milliseconds.",231,159,7,7,http://localhost:8079/?token=495324564&user=-1356107170&config=2,722,0,0
1777846572593,723,HTTP Request,200,OK,Config 2 1-3,text,false,"The operation lasted too long: It took 723 milliseconds, but should not have lasted longer than 470 milliseconds.",231,159,7,7,http://localhost:8079/?token=495324564&user=-1356107170&config=2,722,0,0
1777846574090,668,HTTP Request,200,OK,Config 2 1-1,text,false,"The operation lasted too long: It took 668 milliseconds, but should not have lasted longer than 470 milliseconds.",231,159,7,7,http://localhost:8079/?token=495324564&user=-1356107170&config=2,668,0,0
1777846574092,666,HTTP Request,200,OK,Config 2 1-3,text,false,"The operation lasted too long: It took 666 milliseconds, but should not have lasted longer than 470 milliseconds.",231,159,7,7,http://localhost:8079/?token=495324564&user=-1356107170&config=2,666,0,0
1777846574091,667,HTTP Request,200,OK,Config 2 1-5,text,false,"The operation lasted too long: It took 667 milliseconds, but should not have lasted longer than 470 milliseconds.",231,159,7,7,http://localhost:8079/?token=495324564&user=-1356107170&config=2,667,0,0
1777846574091,667,HTTP Request,200,OK,Config 2 1-2,text,false,"The operation lasted too long: It took 667 milliseconds, but should not have lasted longer than 470 milliseconds.",231,159,7,7,http://localhost:8079/?token=495324564&user=-1356107170&config=2,667,0,0
1777846574091,667,HTTP Request,200,OK,Config 2 1-4,text,false,"The operation lasted too long: It took 667 milliseconds, but should not have lasted longer than 470 milliseconds.",231,159,7,7,http://localhost:8079/?token=495324564&user=-1356107170&config=2,667,0,0
1777846574092,753,HTTP Request,200,OK,Config 2 1-7,text,false,"The operation lasted too long: It took 753 milliseconds, but should not have lasted longer than 470 milliseconds.",231,159,7,7,http://localhost:8079/?token=495324564&user=-1356107170&config=2,753,0,0
1777846574096,749,HTTP Request,200,OK,Config 2 1-6,text,false,"The operation lasted too long: It took 749 milliseconds, but should not have lasted longer than 470 milliseconds.",231,159,7,7,http://localhost:8079/?token=495324564&user=-1356107170&config=2,749,0,0
1777846575592,702,HTTP Request,200,OK,Config 2 1-2,text,false,"The operation lasted too long: It took 702 milliseconds, but should not have lasted longer than 470 milliseconds.",231,159,7,7,http://localhost:8079/?token=495324564&user=-1356107170&config=2,702,0,0
1777846575595,699,HTTP Request,200,OK,Config 2 1-5,text,false,"The operation lasted too long: It took 699 milliseconds, but should not have lasted longer than 470 milliseconds.",231,159,7,7,http://localhost:8079/?token=495324564&user=-1356107170&config=2,699,0,0
1777846575592,702,HTTP Request,200,OK,Config 2 1-4,text,false,"The operation lasted too long: It took 702 milliseconds, but should not have lasted longer than 470 milliseconds.",231,159,7,7,http://localhost:8079/?token=495324564&user=-1356107170&config=2,702,0,0
1777846575585,709,HTTP Request,200,OK,Config 2 1-1,text,false,"The operation lasted too long: It took 709 milliseconds, but should not have lasted longer than 470 milliseconds.",231,159,7,7,http://localhost:8079/?token=495324564&user=-1356107170&config=2,709,0,0
1777846575593,701,HTTP Request,200,OK,Config 2 1-3,text,false,"The operation lasted too long: It took 701 milliseconds, but should not have lasted longer than 470 milliseconds.",231,159,7,7,http://localhost:8079/?token=495324564&user=-1356107170&config=2,701,0,0
1777846575594,793,HTTP Request,200,OK,Config 2 1-6,text,false,"The operation lasted too long: It took 793 milliseconds, but should not have lasted longer than 470 milliseconds.",231,159,7,7,http://localhost:8079/?token=495324564&user=-1356107170&config=2,793,0,0
1777846575594,793,HTTP Request,200,OK,Config 2 1-7,text,false,"The operation lasted too long: It took 793 milliseconds, but should not have lasted longer than 470 milliseconds.",231,159,7,7,http://localhost:8079/?token=495324564&user=-1356107170&config=2,793,0,0
1777846577093,738,HTTP Request,200,OK,Config 2 1-4,text,false,"The operation lasted too long: It took 738 milliseconds, but should not have lasted longer than 470 milliseconds.",231,159,7,7,http://localhost:8079/?token=495324564&user=-1356107170&config=2,738,0,0
1777846577091,740,HTTP Request,200,OK,Config 2 1-2,text,false,"The operation lasted too long: It took 740 milliseconds, but should not have lasted longer than 470 milliseconds.",231,159,7,7,http://localhost:8079/?token=495324564&user=-1356107170&config=2,740,0,0
1777846577093,738,HTTP Request,200,OK,Config 2 1-3,text,false,"The operation lasted too long: It took 738 milliseconds, but should not have lasted longer than 470 milliseconds.",231,159,7,7,http://localhost:8079/?token=495324564&user=-1356107170&config=2,738,0,0
1777846577092,739,HTTP Request,200,OK,Config 2 1-5,text,false,"The operation lasted too long: It took 739 milliseconds, but should not have lasted longer than 470 milliseconds.",231,159,7,7,http://localhost:8079/?token=495324564&user=-1356107170&config=2,739,0,0
1777846577090,741,HTTP Request,200,OK,Config 2 1-1,text,false,"The operation lasted too long: It took 741 milliseconds, but should not have lasted longer than 470 milliseconds.",231,159,7,7,http://localhost:8079/?token=495324564&user=-1356107170&config=2,741,0,0
1777846577096,821,HTTP Request,200,OK,Config 2 1-6,text,false,"The operation lasted too long: It took 821 milliseconds, but should not have lasted longer than 470 milliseconds.",231,159,7,7,http://localhost:8079/?token=495324564&user=-1356107170&config=2,821,0,0
1777846577093,824,HTTP Request,200,OK,Config 2 1-7,text,false,"The operation lasted too long: It took 824 milliseconds, but should not have lasted longer than 470 milliseconds.",231,159,7,7,http://localhost:8079/?token=495324564&user=-1356107170&config=2,824,0,0
1777846578592,671,HTTP Request,200,OK,Config 2 1-7,text,false,"The operation lasted too long: It took 671 milliseconds, but should not have lasted longer than 470 milliseconds.",231,159,8,8,http://localhost:8079/?token=495324564&user=-1356107170&config=2,671,0,0
1777846578591,672,HTTP Request,200,OK,Config 2 1-5,text,false,"The operation lasted too long: It took 672 milliseconds, but should not have lasted longer than 470 milliseconds.",231,159,8,8,http://localhost:8079/?token=495324564&user=-1356107170&config=2,672,0,0
1777846578592,671,HTTP Request,200,OK,Config 2 1-6,text,false,"The operation lasted too long: It took 671 milliseconds, but should not have lasted longer than 470 milliseconds.",231,159,8,8,http://localhost:8079/?token=495324564&user=-1356107170&config=2,671,0,0
1777846578589,674,HTTP Request,200,OK,Config 2 1-1,text,false,"The operation lasted too long: It took 674 milliseconds, but should not have lasted longer than 470 milliseconds.",231,159,8,8,http://localhost:8079/?token=495324564&user=-1356107170&config=2,674,0,0
1777846578591,672,HTTP Request,200,OK,Config 2 1-2,text,false,"The operation lasted too long: It took 672 milliseconds, but should not have lasted longer than 470 milliseconds.",231,159,8,8,http://localhost:8079/?token=495324564&user=-1356107170&config=2,672,0,0
1777846578592,771,HTTP Request,200,OK,Config 2 1-4,text,false,"The operation lasted too long: It took 771 milliseconds, but should not have lasted longer than 470 milliseconds.",231,159,8,8,http://localhost:8079/?token=495324564&user=-1356107170&config=2,771,0,0
1777846578591,772,HTTP Request,200,OK,Config 2 1-3,text,false,"The operation lasted too long: It took 772 milliseconds, but should not have lasted longer than 470 milliseconds.",231,159,8,8,http://localhost:8079/?token=495324564&user=-1356107170&config=2,772,0,0
1777846578591,772,HTTP Request,200,OK,Config 2 1-8,text,false,"The operation lasted too long: It took 772 milliseconds, but should not have lasted longer than 470 milliseconds.",231,159,8,8,http://localhost:8079/?token=495324564&user=-1356107170&config=2,772,0,1
1777846580089,632,HTTP Request,200,OK,Config 2 1-1,text,false,"The operation lasted too long: It took 632 milliseconds, but should not have lasted longer than 470 milliseconds.",231,159,8,8,http://localhost:8079/?token=495324564&user=-1356107170&config=2,632,0,0
1777846580094,632,HTTP Request,200,OK,Config 2 1-7,text,false,"The operation lasted too long: It took 632 milliseconds, but should not have lasted longer than 470 milliseconds.",231,159,8,8,http://localhost:8079/?token=495324564&user=-1356107170&config=2,632,0,0
1777846580092,634,HTTP Request,200,OK,Config 2 1-6,text,false,"The operation lasted too long: It took 634 milliseconds, but should not have lasted longer than 470 milliseconds.",231,159,8,8,http://localhost:8079/?token=495324564&user=-1356107170&config=2,634,0,0
1777846580092,634,HTTP Request,200,OK,Config 2 1-3,text,false,"The operation lasted too long: It took 634 milliseconds, but should not have lasted longer than 470 milliseconds.",231,159,8,8,http://localhost:8079/?token=495324564&user=-1356107170&config=2,634,0,0
1777846580092,634,HTTP Request,200,OK,Config 2 1-4,text,false,"The operation lasted too long: It took 634 milliseconds, but should not have lasted longer than 470 milliseconds.",231,159,8,8,http://localhost:8079/?token=495324564&user=-1356107170&config=2,634,0,0
1777846580092,722,HTTP Request,200,OK,Config 2 1-2,text,false,"The operation lasted too long: It took 722 milliseconds, but should not have lasted longer than 470 milliseconds.",231,159,8,8,http://localhost:8079/?token=495324564&user=-1356107170&config=2,722,0,0
1777846580096,718,HTTP Request,200,OK,Config 2 1-8,text,false,"The operation lasted too long: It took 718 milliseconds, but should not have lasted longer than 470 milliseconds.",231,159,8,8,http://localhost:8079/?token=495324564&user=-1356107170&config=2,718,0,0
1777846580092,722,HTTP Request,200,OK,Config 2 1-5,text,false,"The operation lasted too long: It took 722 milliseconds, but should not have lasted longer than 470 milliseconds.",231,159,8,8,http://localhost:8079/?token=495324564&user=-1356107170&config=2,722,0,0
1777846581591,621,HTTP Request,200,OK,Config 2 1-3,text,false,"The operation lasted too long: It took 621 milliseconds, but should not have lasted longer than 470 milliseconds.",231,159,8,8,http://localhost:8079/?token=495324564&user=-1356107170&config=2,621,0,0
1777846581595,631,HTTP Request,200,OK,Config 2 1-8,text,false,"The operation lasted too long: It took 631 milliseconds, but should not have lasted longer than 470 milliseconds.",231,159,8,8,http://localhost:8079/?token=495324564&user=-1356107170&config=2,631,0,0
1777846581588,638,HTTP Request,200,OK,Config 2 1-1,text,false,"The operation lasted too long: It took 638 milliseconds, but should not have lasted longer than 470 milliseconds.",231,159,8,8,http://localhost:8079/?token=495324564&user=-1356107170&config=2,638,0,0
1777846581588,638,HTTP Request,200,OK,Config 2 1-4,text,false,"The operation lasted too long: It took 638 milliseconds, but should not have lasted longer than 470 milliseconds.",231,159,8,8,http://localhost:8079/?token=495324564&user=-1356107170&config=2,638,0,0
1777846581591,635,HTTP Request,200,OK,Config 2 1-7,text,false,"The operation lasted too long: It took 635 milliseconds, but should not have lasted longer than 470 milliseconds.",231,159,8,8,http://localhost:8079/?token=495324564&user=-1356107170&config=2,635,0,0
1777846581593,721,HTTP Request,200,OK,Config 2 1-2,text,false,"The operation lasted too long: It took 721 milliseconds, but should not have lasted longer than 470 milliseconds.",231,159,8,8,http://localhost:8079/?token=495324564&user=-1356107170&config=2,721,0,0
1777846581592,722,HTTP Request,200,OK,Config 2 1-5,text,false,"The operation lasted too long: It took 722 milliseconds, but should not have lasted longer than 470 milliseconds.",231,159,8,8,http://localhost:8079/?token=495324564&user=-1356107170&config=2,722,0,0
1777846581595,719,HTTP Request,200,OK,Config 2 1-6,text,false,"The operation lasted too long: It took 719 milliseconds, but should not have lasted longer than 470 milliseconds.",231,159,8,8,http://localhost:8079/?token=495324564&user=-1356107170&config=2,719,0,0
1777846583088,626,HTTP Request,200,OK,Config 2 1-4,text,false,"The operation lasted too long: It took 626 milliseconds, but should not have lasted longer than 470 milliseconds.",231,159,8,8,http://localhost:8079/?token=495324564&user=-1356107170&config=2,626,0,0
1777846583089,638,HTTP Request,200,OK,Config 2 1-1,text,false,"The operation lasted too long: It took 638 milliseconds, but should not have lasted longer than 470 milliseconds.",231,159,8,8,http://localhost:8079/?token=495324564&user=-1356107170&config=2,638,0,0
1777846583091,636,HTTP Request,200,OK,Config 2 1-8,text,false,"The operation lasted too long: It took 636 milliseconds, but should not have lasted longer than 470 milliseconds.",231,159,8,8,http://localhost:8079/?token=495324564&user=-1356107170&config=2,636,0,0
1777846583091,636,HTTP Request,200,OK,Config 2 1-5,text,false,"The operation lasted too long: It took 636 milliseconds, but should not have lasted longer than 470 milliseconds.",231,159,8,8,http://localhost:8079/?token=495324564&user=-1356107170&config=2,636,0,0
1777846583091,636,HTTP Request,200,OK,Config 2 1-2,text,false,"The operation lasted too long: It took 636 milliseconds, but should not have lasted longer than 470 milliseconds.",231,159,8,8,http://localhost:8079/?token=495324564&user=-1356107170&config=2,636,0,0
1777846583092,723,HTTP Request,200,OK,Config 2 1-7,text,false,"The operation lasted too long: It took 723 milliseconds, but should not have lasted longer than 470 milliseconds.",231,159,8,8,http://localhost:8079/?token=495324564&user=-1356107170&config=2,723,0,0
1777846583091,724,HTTP Request,200,OK,Config 2 1-6,text,false,"The operation lasted too long: It took 724 milliseconds, but should not have lasted longer than 470 milliseconds.",231,159,8,8,http://localhost:8079/?token=495324564&user=-1356107170&config=2,724,0,0
1777846583092,723,HTTP Request,200,OK,Config 2 1-3,text,false,"The operation lasted too long: It took 723 milliseconds, but should not have lasted longer than 470 milliseconds.",231,159,8,8,http://localhost:8079/?token=495324564&user=-1356107170&config=2,723,0,0
1777846584593,637,HTTP Request,200,OK,Config 2 1-7,text,false,"The operation lasted too long: It took 637 milliseconds, but should not have lasted longer than 470 milliseconds.",231,159,8,8,http://localhost:8079/?token=495324564&user=-1356107170&config=2,637,0,0
1777846584590,640,HTTP Request,200,OK,Config 2 1-4,text,false,"The operation lasted too long: It took 640 milliseconds, but should not have lasted longer than 470 milliseconds.",231,159,8,8,http://localhost:8079/?token=495324564&user=-1356107170&config=2,640,0,0
1777846584596,634,HTTP Request,200,OK,Config 2 1-5,text,false,"The operation lasted too long: It took 634 milliseconds, but should not have lasted longer than 470 milliseconds.",231,159,8,8,http://localhost:8079/?token=495324564&user=-1356107170&config=2,634,0,0
1777846584595,635,HTTP Request,200,OK,Config 2 1-3,text,false,"The operation lasted too long: It took 635 milliseconds, but should not have lasted longer than 470 milliseconds.",231,159,8,8,http://localhost:8079/?token=495324564&user=-1356107170&config=2,635,0,0
1777846584590,640,HTTP Request,200,OK,Config 2 1-1,text,false,"The operation lasted too long: It took 640 milliseconds, but should not have lasted longer than 470 milliseconds.",231,159,8,8,http://localhost:8079/?token=495324564&user=-1356107170&config=2,640,0,0
1777846584594,721,HTTP Request,200,OK,Config 2 1-6,text,false,"The operation lasted too long: It took 721 milliseconds, but should not have lasted longer than 470 milliseconds.",231,159,7,7,http://localhost:8079/?token=495324564&user=-1356107170&config=2,721,0,0
1777846584594,721,HTTP Request,200,OK,Config 2 1-2,text,false,"The operation lasted too long: It took 721 milliseconds, but should not have lasted longer than 470 milliseconds.",231,159,7,7,http://localhost:8079/?token=495324564&user=-1356107170&config=2,721,0,0
1777846584596,719,HTTP Request,200,OK,Config 2 1-8,text,false,"The operation lasted too long: It took 719 milliseconds, but should not have lasted longer than 470 milliseconds.",231,159,7,7,http://localhost:8079/?token=495324564&user=-1356107170&config=2,719,0,0
1777846586093,634,HTTP Request,200,OK,Config 2 1-6,text,false,"The operation lasted too long: It took 634 milliseconds, but should not have lasted longer than 470 milliseconds.",231,159,7,7,http://localhost:8079/?token=495324564&user=-1356107170&config=2,634,0,0
1777846586096,636,HTTP Request,200,OK,Config 2 1-8,text,false,"The operation lasted too long: It took 636 milliseconds, but should not have lasted longer than 470 milliseconds.",231,159,7,7,http://localhost:8079/?token=495324564&user=-1356107170&config=2,636,0,0
1777846586094,638,HTTP Request,200,OK,Config 2 1-3,text,false,"The operation lasted too long: It took 638 milliseconds, but should not have lasted longer than 470 milliseconds.",231,159,7,7,http://localhost:8079/?token=495324564&user=-1356107170&config=2,638,0,0
1777846586096,636,HTTP Request,200,OK,Config 2 1-5,text,false,"The operation lasted too long: It took 636 milliseconds, but should not have lasted longer than 470 milliseconds.",231,159,7,7,http://localhost:8079/?token=495324564&user=-1356107170&config=2,636,0,0
1777846586092,640,HTTP Request,200,OK,Config 2 1-7,text,false,"The operation lasted too long: It took 640 milliseconds, but should not have lasted longer than 470 milliseconds.",231,159,7,7,http://localhost:8079/?token=495324564&user=-1356107170&config=2,640,0,0
1777846586096,721,HTTP Request,200,OK,Config 2 1-2,text,false,"The operation lasted too long: It took 721 milliseconds, but should not have lasted longer than 470 milliseconds.",231,159,7,7,http://localhost:8079/?token=495324564&user=-1356107170&config=2,720,0,0
1777846586093,724,HTTP Request,200,OK,Config 2 1-4,text,false,"The operation lasted too long: It took 724 milliseconds, but should not have lasted longer than 470 milliseconds.",231,159,7,7,http://localhost:8079/?token=495324564&user=-1356107170&config=2,723,0,0
1777846587592,635,HTTP Request,200,OK,Config 2 1-6,text,false,"The operation lasted too long: It took 635 milliseconds, but should not have lasted longer than 470 milliseconds.",231,159,7,7,http://localhost:8079/?token=495324564&user=-1356107170&config=2,635,0,0
1777846587592,639,HTTP Request,200,OK,Config 2 1-4,text,false,"The operation lasted too long: It took 639 milliseconds, but should not have lasted longer than 470 milliseconds.",231,159,7,7,http://localhost:8079/?token=495324564&user=-1356107170&config=2,639,0,0
1777846587594,637,HTTP Request,200,OK,Config 2 1-7,text,false,"The operation lasted too long: It took 637 milliseconds, but should not have lasted longer than 470 milliseconds.",231,159,7,7,http://localhost:8079/?token=495324564&user=-1356107170&config=2,637,0,0
1777846587592,639,HTTP Request,200,OK,Config 2 1-8,text,false,"The operation lasted too long: It took 639 milliseconds, but should not have lasted longer than 470 milliseconds.",231,159,7,7,http://localhost:8079/?token=495324564&user=-1356107170&config=2,639,0,0
1777846587592,639,HTTP Request,200,OK,Config 2 1-3,text,false,"The operation lasted too long: It took 639 milliseconds, but should not have lasted longer than 470 milliseconds.",231,159,7,7,http://localhost:8079/?token=495324564&user=-1356107170&config=2,639,0,0
1777846587592,726,HTTP Request,200,OK,Config 2 1-2,text,false,"The operation lasted too long: It took 726 milliseconds, but should not have lasted longer than 470 milliseconds.",231,159,7,7,http://localhost:8079/?token=495324564&user=-1356107170&config=2,726,0,0
1777846587593,725,HTTP Request,200,OK,Config 2 1-5,text,false,"The operation lasted too long: It took 725 milliseconds, but should not have lasted longer than 470 milliseconds.",231,159,7,7,http://localhost:8079/?token=495324564&user=-1356107170&config=2,725,0,0
1777846589096,716,HTTP Request,200,OK,Config 2 1-7,text,false,"The operation lasted too long: It took 716 milliseconds, but should not have lasted longer than 470 milliseconds.",231,159,7,7,http://localhost:8079/?token=495324564&user=-1356107170&config=2,716,0,0
1777846589094,718,HTTP Request,200,OK,Config 2 1-5,text,false,"The operation lasted too long: It took 718 milliseconds, but should not have lasted longer than 470 milliseconds.",231,159,7,7,http://localhost:8079/?token=495324564&user=-1356107170&config=2,718,0,0
1777846589094,718,HTTP Request,200,OK,Config 2 1-2,text,false,"The operation lasted too long: It took 718 milliseconds, but should not have lasted longer than 470 milliseconds.",231,159,7,7,http://localhost:8079/?token=495324564&user=-1356107170&config=2,718,0,0
1777846589094,718,HTTP Request,200,OK,Config 2 1-8,text,false,"The operation lasted too long: It took 718 milliseconds, but should not have lasted longer than 470 milliseconds.",231,159,7,7,http://localhost:8079/?token=495324564&user=-1356107170&config=2,718,0,0
1777846589092,720,HTTP Request,200,OK,Config 2 1-6,text,false,"The operation lasted too long: It took 720 milliseconds, but should not have lasted longer than 470 milliseconds.",231,159,7,7,http://localhost:8079/?token=495324564&user=-1356107170&config=2,720,0,0
1777846589092,803,HTTP Request,200,OK,Config 2 1-4,text,false,"The operation lasted too long: It took 803 milliseconds, but should not have lasted longer than 470 milliseconds.",231,159,7,7,http://localhost:8079/?token=495324564&user=-1356107170&config=2,803,0,0
1777846589094,801,HTTP Request,200,OK,Config 2 1-3,text,false,"The operation lasted too long: It took 801 milliseconds, but should not have lasted longer than 470 milliseconds.",231,159,7,7,http://localhost:8079/?token=495324564&user=-1356107170&config=2,801,0,0
1777846590594,652,HTTP Request,200,OK,Config 2 1-2,text,false,"The operation lasted too long: It took 652 milliseconds, but should not have lasted longer than 470 milliseconds.",231,159,7,7,http://localhost:8079/?token=495324564&user=-1356107170&config=2,652,0,0
1777846590592,654,HTTP Request,200,OK,Config 2 1-4,text,false,"The operation lasted too long: It took 654 milliseconds, but should not have lasted longer than 470 milliseconds.",231,159,7,7,http://localhost:8079/?token=495324564&user=-1356107170&config=2,654,0,0
1777846590594,652,HTTP Request,200,OK,Config 2 1-5,text,false,"The operation lasted too long: It took 652 milliseconds, but should not have lasted longer than 470 milliseconds.",231,159,7,7,http://localhost:8079/?token=495324564&user=-1356107170&config=2,652,0,0
1777846590593,653,HTTP Request,200,OK,Config 2 1-8,text,false,"The operation lasted too long: It took 653 milliseconds, but should not have lasted longer than 470 milliseconds.",231,159,7,7,http://localhost:8079/?token=495324564&user=-1356107170&config=2,653,0,0
1777846590593,653,HTTP Request,200,OK,Config 2 1-7,text,false,"The operation lasted too long: It took 653 milliseconds, but should not have lasted longer than 470 milliseconds.",231,159,7,7,http://localhost:8079/?token=495324564&user=-1356107170&config=2,653,0,0
1777846590593,743,HTTP Request,200,OK,Config 2 1-6,text,false,"The operation lasted too long: It took 743 milliseconds, but should not have lasted longer than 470 milliseconds.",231,159,7,7,http://localhost:8079/?token=495324564&user=-1356107170&config=2,743,0,0
1777846590593,743,HTTP Request,200,OK,Config 2 1-3,text,false,"The operation lasted too long: It took 743 milliseconds, but should not have lasted longer than 470 milliseconds.",231,159,7,7,http://localhost:8079/?token=495324564&user=-1356107170&config=2,743,0,0
1777846592094,687,HTTP Request,200,OK,Config 2 1-3,text,false,"The operation lasted too long: It took 687 milliseconds, but should not have lasted longer than 470 milliseconds.",231,159,7,7,http://localhost:8079/?token=495324564&user=-1356107170&config=2,687,0,0
1777846592093,688,HTTP Request,200,OK,Config 2 1-7,text,false,"The operation lasted too long: It took 688 milliseconds, but should not have lasted longer than 470 milliseconds.",231,159,7,7,http://localhost:8079/?token=495324564&user=-1356107170&config=2,688,0,0
1777846592092,689,HTTP Request,200,OK,Config 2 1-4,text,false,"The operation lasted too long: It took 689 milliseconds, but should not have lasted longer than 470 milliseconds.",231,159,7,7,http://localhost:8079/?token=495324564&user=-1356107170&config=2,689,0,0
1777846592093,688,HTTP Request,200,OK,Config 2 1-2,text,false,"The operation lasted too long: It took 688 milliseconds, but should not have lasted longer than 470 milliseconds.",231,159,7,7,http://localhost:8079/?token=495324564&user=-1356107170&config=2,688,0,0
1777846592093,688,HTTP Request,200,OK,Config 2 1-6,text,false,"The operation lasted too long: It took 688 milliseconds, but should not have lasted longer than 470 milliseconds.",231,159,7,7,http://localhost:8079/?token=495324564&user=-1356107170&config=2,688,0,0
1777846592096,770,HTTP Request,200,OK,Config 2 1-8,text,false,"The operation lasted too long: It took 770 milliseconds, but should not have lasted longer than 470 milliseconds.",231,159,6,6,http://localhost:8079/?token=495324564&user=-1356107170&config=2,770,0,0
1777846592094,772,HTTP Request,200,OK,Config 2 1-5,text,false,"The operation lasted too long: It took 772 milliseconds, but should not have lasted longer than 470 milliseconds.",231,159,6,6,http://localhost:8079/?token=495324564&user=-1356107170&config=2,772,0,0
1777846593592,631,HTTP Request,200,OK,Config 2 1-7,text,false,"The operation lasted too long: It took 631 milliseconds, but should not have lasted longer than 470 milliseconds.",231,159,6,6,http://localhost:8079/?token=495324564&user=-1356107170&config=2,631,0,0
1777846593596,630,HTTP Request,200,OK,Config 2 1-8,text,false,"The operation lasted too long: It took 630 milliseconds, but should not have lasted longer than 470 milliseconds.",231,159,6,6,http://localhost:8079/?token=495324564&user=-1356107170&config=2,630,0,0
1777846593593,633,HTTP Request,200,OK,Config 2 1-3,text,false,"The operation lasted too long: It took 633 milliseconds, but should not have lasted longer than 470 milliseconds.",231,159,6,6,http://localhost:8079/?token=495324564&user=-1356107170&config=2,633,0,0
1777846593592,634,HTTP Request,200,OK,Config 2 1-5,text,false,"The operation lasted too long: It took 634 milliseconds, but should not have lasted longer than 470 milliseconds.",231,159,6,6,http://localhost:8079/?token=495324564&user=-1356107170&config=2,634,0,0
1777846593592,634,HTTP Request,200,OK,Config 2 1-6,text,false,"The operation lasted too long: It took 634 milliseconds, but should not have lasted longer than 470 milliseconds.",231,159,6,6,http://localhost:8079/?token=495324564&user=-1356107170&config=2,634,0,0
1777846593593,722,HTTP Request,200,OK,Config 2 1-4,text,false,"The operation lasted too long: It took 722 milliseconds, but should not have lasted longer than 470 milliseconds.",231,159,6,6,http://localhost:8079/?token=495324564&user=-1356107170&config=2,722,0,0
1777846595093,658,HTTP Request,200,OK,Config 2 1-7,text,false,"The operation lasted too long: It took 658 milliseconds, but should not have lasted longer than 470 milliseconds.",231,159,6,6,http://localhost:8079/?token=495324564&user=-1356107170&config=2,658,0,0
1777846595093,658,HTTP Request,200,OK,Config 2 1-8,text,false,"The operation lasted too long: It took 658 milliseconds, but should not have lasted longer than 470 milliseconds.",231,159,6,6,http://localhost:8079/?token=495324564&user=-1356107170&config=2,658,0,0
1777846595094,657,HTTP Request,200,OK,Config 2 1-3,text,false,"The operation lasted too long: It took 657 milliseconds, but should not have lasted longer than 470 milliseconds.",231,159,6,6,http://localhost:8079/?token=495324564&user=-1356107170&config=2,657,0,0
1777846595092,659,HTTP Request,200,OK,Config 2 1-4,text,false,"The operation lasted too long: It took 659 milliseconds, but should not have lasted longer than 470 milliseconds.",231,159,6,6,http://localhost:8079/?token=495324564&user=-1356107170&config=2,659,0,0
1777846595093,658,HTTP Request,200,OK,Config 2 1-6,text,false,"The operation lasted too long: It took 658 milliseconds, but should not have lasted longer than 470 milliseconds.",231,159,6,6,http://localhost:8079/?token=495324564&user=-1356107170&config=2,658,0,0
1777846595094,742,HTTP Request,200,OK,Config 2 1-5,text,false,"The operation lasted too long: It took 742 milliseconds, but should not have lasted longer than 470 milliseconds.",231,159,6,6,http://localhost:8079/?token=495324564&user=-1356107170&config=2,742,0,0
1777846596592,628,HTTP Request,200,OK,Config 2 1-3,text,false,"The operation lasted too long: It took 628 milliseconds, but should not have lasted longer than 470 milliseconds.",231,159,6,6,http://localhost:8079/?token=495324564&user=-1356107170&config=2,628,0,0
1777846596593,631,HTTP Request,200,OK,Config 2 1-5,text,false,"The operation lasted too long: It took 631 milliseconds, but should not have lasted longer than 470 milliseconds.",231,159,6,6,http://localhost:8079/?token=495324564&user=-1356107170&config=2,630,0,0
1777846596594,630,HTTP Request,200,OK,Config 2 1-8,text,false,"The operation lasted too long: It took 630 milliseconds, but should not have lasted longer than 470 milliseconds.",231,159,6,6,http://localhost:8079/?token=495324564&user=-1356107170&config=2,630,0,0
1777846596594,630,HTTP Request,200,OK,Config 2 1-7,text,false,"The operation lasted too long: It took 630 milliseconds, but should not have lasted longer than 470 milliseconds.",231,159,6,6,http://localhost:8079/?token=495324564&user=-1356107170&config=2,629,0,0
1777846596596,628,HTTP Request,200,OK,Config 2 1-6,text,false,"The operation lasted too long: It took 628 milliseconds, but should not have lasted longer than 470 milliseconds.",231,159,6,6,http://localhost:8079/?token=495324564&user=-1356107170&config=2,627,0,0
1777846596593,722,HTTP Request,200,OK,Config 2 1-4,text,false,"The operation lasted too long: It took 722 milliseconds, but should not have lasted longer than 470 milliseconds.",231,159,6,6,http://localhost:8079/?token=495324564&user=-1356107170&config=2,722,0,0
1777846598094,729,HTTP Request,200,OK,Config 2 1-6,text,false,"The operation lasted too long: It took 729 milliseconds, but should not have lasted longer than 470 milliseconds.",231,159,6,6,http://localhost:8079/?token=495324564&user=-1356107170&config=2,729,0,0
1777846598094,729,HTTP Request,200,OK,Config 2 1-8,text,false,"The operation lasted too long: It took 729 milliseconds, but should not have lasted longer than 470 milliseconds.",231,159,6,6,http://localhost:8079/?token=495324564&user=-1356107170&config=2,729,0,0
1777846598093,730,HTTP Request,200,OK,Config 2 1-5,text,false,"The operation lasted too long: It took 730 milliseconds, but should not have lasted longer than 470 milliseconds.",231,159,6,6,http://localhost:8079/?token=495324564&user=-1356107170&config=2,730,0,0
1777846598093,730,HTTP Request,200,OK,Config 2 1-4,text,false,"The operation lasted too long: It took 730 milliseconds, but should not have lasted longer than 470 milliseconds.",231,159,6,6,http://localhost:8079/?token=495324564&user=-1356107170&config=2,730,0,0
1777846598093,730,HTTP Request,200,OK,Config 2 1-7,text,false,"The operation lasted too long: It took 730 milliseconds, but should not have lasted longer than 470 milliseconds.",231,159,6,6,http://localhost:8079/?token=495324564&user=-1356107170&config=2,730,0,0
1777846598093,812,HTTP Request,200,OK,Config 2 1-3,text,false,"The operation lasted too long: It took 812 milliseconds, but should not have lasted longer than 470 milliseconds.",231,159,6,6,http://localhost:8079/?token=495324564&user=-1356107170&config=2,812,0,0
1777846599588,671,HTTP Request,200,OK,Config 2 1-4,text,false,"The operation lasted too long: It took 671 milliseconds, but should not have lasted longer than 470 milliseconds.",231,159,6,6,http://localhost:8079/?token=495324564&user=-1356107170&config=2,671,0,0
1777846599593,666,HTTP Request,200,OK,Config 2 1-8,text,false,"The operation lasted too long: It took 666 milliseconds, but should not have lasted longer than 470 milliseconds.",231,159,6,6,http://localhost:8079/?token=495324564&user=-1356107170&config=2,666,0,0
1777846599593,666,HTTP Request,200,OK,Config 2 1-5,text,false,"The operation lasted too long: It took 666 milliseconds, but should not have lasted longer than 470 milliseconds.",231,159,6,6,http://localhost:8079/?token=495324564&user=-1356107170&config=2,666,0,0
1777846599596,663,HTTP Request,200,OK,Config 2 1-6,text,false,"The operation lasted too long: It took 663 milliseconds, but should not have lasted longer than 470 milliseconds.",231,159,6,6,http://localhost:8079/?token=495324564&user=-1356107170&config=2,663,0,0
1777846599593,666,HTTP Request,200,OK,Config 2 1-3,text,false,"The operation lasted too long: It took 666 milliseconds, but should not have lasted longer than 470 milliseconds.",231,159,6,6,http://localhost:8079/?token=495324564&user=-1356107170&config=2,666,0,0
1777846599592,753,HTTP Request,200,OK,Config 2 1-7,text,false,"The operation lasted too long: It took 753 milliseconds, but should not have lasted longer than 470 milliseconds.",231,159,5,5,http://localhost:8079/?token=495324564&user=-1356107170&config=2,753,0,0
1777846601094,699,HTTP Request,200,OK,Config 2 1-8,text,false,"The operation lasted too long: It took 699 milliseconds, but should not have lasted longer than 470 milliseconds.",231,159,5,5,http://localhost:8079/?token=495324564&user=-1356107170&config=2,699,0,0
1777846601095,780,HTTP Request,200,OK,Config 2 1-5,text,false,"The operation lasted too long: It took 780 milliseconds, but should not have lasted longer than 470 milliseconds.",231,159,5,5,http://localhost:8079/?token=495324564&user=-1356107170&config=2,780,0,0
1777846601096,779,HTTP Request,200,OK,Config 2 1-6,text,false,"The operation lasted too long: It took 779 milliseconds, but should not have lasted longer than 470 milliseconds.",231,159,5,5,http://localhost:8079/?token=495324564&user=-1356107170&config=2,779,0,0
1777846601094,781,HTTP Request,200,OK,Config 2 1-7,text,false,"The operation lasted too long: It took 781 milliseconds, but should not have lasted longer than 470 milliseconds.",231,159,5,5,http://localhost:8079/?token=495324564&user=-1356107170&config=2,781,0,0
1777846601092,783,HTTP Request,200,OK,Config 2 1-4,text,false,"The operation lasted too long: It took 783 milliseconds, but should not have lasted longer than 470 milliseconds.",231,159,5,5,http://localhost:8079/?token=495324564&user=-1356107170&config=2,783,0,0
1777846602593,623,HTTP Request,200,OK,Config 2 1-4,text,false,"The operation lasted too long: It took 623 milliseconds, but should not have lasted longer than 470 milliseconds.",231,159,5,5,http://localhost:8079/?token=495324564&user=-1356107170&config=2,623,0,0
1777846602594,711,HTTP Request,200,OK,Config 2 1-6,text,false,"The operation lasted too long: It took 711 milliseconds, but should not have lasted longer than 470 milliseconds.",231,159,5,5,http://localhost:8079/?token=495324564&user=-1356107170&config=2,711,0,0
1777846602594,711,HTTP Request,200,OK,Config 2 1-8,text,false,"The operation lasted too long: It took 711 milliseconds, but should not have lasted longer than 470 milliseconds.",231,159,5,5,http://localhost:8079/?token=495324564&user=-1356107170&config=2,711,0,0
1777846602593,712,HTTP Request,200,OK,Config 2 1-5,text,false,"The operation lasted too long: It took 712 milliseconds, but should not have lasted longer than 470 milliseconds.",231,159,5,5,http://localhost:8079/?token=495324564&user=-1356107170&config=2,712,0,0
1777846602594,711,HTTP Request,200,OK,Config 2 1-7,text,false,"The operation lasted too long: It took 711 milliseconds, but should not have lasted longer than 470 milliseconds.",231,159,5,5,http://localhost:8079/?token=495324564&user=-1356107170&config=2,711,0,0
1777846604092,671,HTTP Request,200,OK,Config 2 1-7,text,false,"The operation lasted too long: It took 671 milliseconds, but should not have lasted longer than 470 milliseconds.",231,159,5,5,http://localhost:8079/?token=495324564&user=-1356107170&config=2,670,0,0
1777846604093,752,HTTP Request,200,OK,Config 2 1-6,text,false,"The operation lasted too long: It took 752 milliseconds, but should not have lasted longer than 470 milliseconds.",231,159,5,5,http://localhost:8079/?token=495324564&user=-1356107170&config=2,752,0,0
1777846604094,751,HTTP Request,200,OK,Config 2 1-8,text,false,"The operation lasted too long: It took 751 milliseconds, but should not have lasted longer than 470 milliseconds.",231,159,5,5,http://localhost:8079/?token=495324564&user=-1356107170&config=2,751,0,0
1777846604092,753,HTTP Request,200,OK,Config 2 1-4,text,false,"The operation lasted too long: It took 753 milliseconds, but should not have lasted longer than 470 milliseconds.",231,159,5,5,http://localhost:8079/?token=495324564&user=-1356107170&config=2,753,0,0
1777846604094,751,HTTP Request,200,OK,Config 2 1-5,text,false,"The operation lasted too long: It took 751 milliseconds, but should not have lasted longer than 470 milliseconds.",231,159,5,5,http://localhost:8079/?token=495324564&user=-1356107170&config=2,751,0,0
1777846605593,706,HTTP Request,200,OK,Config 2 1-8,text,false,"The operation lasted too long: It took 706 milliseconds, but should not have lasted longer than 470 milliseconds.",231,159,5,5,http://localhost:8079/?token=495324564&user=-1356107170&config=2,706,0,0
1777846605594,705,HTTP Request,200,OK,Config 2 1-5,text,false,"The operation lasted too long: It took 705 milliseconds, but should not have lasted longer than 470 milliseconds.",231,159,5,5,http://localhost:8079/?token=495324564&user=-1356107170&config=2,705,0,0
1777846605593,792,HTTP Request,200,OK,Config 2 1-6,text,false,"The operation lasted too long: It took 792 milliseconds, but should not have lasted longer than 470 milliseconds.",231,159,5,5,http://localhost:8079/?token=495324564&user=-1356107170&config=2,792,0,0
1777846605593,792,HTTP Request,200,OK,Config 2 1-7,text,false,"The operation lasted too long: It took 792 milliseconds, but should not have lasted longer than 470 milliseconds.",231,159,5,5,http://localhost:8079/?token=495324564&user=-1356107170&config=2,792,0,0
1777846605592,793,HTTP Request,200,OK,Config 2 1-4,text,false,"The operation lasted too long: It took 793 milliseconds, but should not have lasted longer than 470 milliseconds.",231,159,5,5,http://localhost:8079/?token=495324564&user=-1356107170&config=2,793,0,0
1777846607094,619,HTTP Request,200,OK,Config 2 1-6,text,false,"The operation lasted too long: It took 619 milliseconds, but should not have lasted longer than 470 milliseconds.",231,159,5,5,http://localhost:8079/?token=495324564&user=-1356107170&config=2,619,0,0
1777846607094,701,HTTP Request,200,OK,Config 2 1-7,text,false,"The operation lasted too long: It took 701 milliseconds, but should not have lasted longer than 470 milliseconds.",231,159,5,5,http://localhost:8079/?token=495324564&user=-1356107170&config=2,701,0,0
1777846607093,702,HTTP Request,200,OK,Config 2 1-4,text,false,"The operation lasted too long: It took 702 milliseconds, but should not have lasted longer than 470 milliseconds.",231,159,5,5,http://localhost:8079/?token=495324564&user=-1356107170&config=2,702,0,0
1777846607096,699,HTTP Request,200,OK,Config 2 1-5,text,false,"The operation lasted too long: It took 699 milliseconds, but should not have lasted longer than 470 milliseconds.",231,159,5,5,http://localhost:8079/?token=495324564&user=-1356107170&config=2,699,0,0
1777846607094,701,HTTP Request,200,OK,Config 2 1-8,text,false,"The operation lasted too long: It took 701 milliseconds, but should not have lasted longer than 470 milliseconds.",231,159,5,5,http://localhost:8079/?token=495324564&user=-1356107170&config=2,701,0,0
1777846608592,618,HTTP Request,200,OK,Config 2 1-7,text,false,"The operation lasted too long: It took 618 milliseconds, but should not have lasted longer than 470 milliseconds.",231,159,4,4,http://localhost:8079/?token=495324564&user=-1356107170&config=2,618,0,0
1777846608593,701,HTTP Request,200,OK,Config 2 1-8,text,false,"The operation lasted too long: It took 701 milliseconds, but should not have lasted longer than 470 milliseconds.",231,159,4,4,http://localhost:8079/?token=495324564&user=-1356107170&config=2,701,0,0
1777846608593,701,HTTP Request,200,OK,Config 2 1-6,text,false,"The operation lasted too long: It took 701 milliseconds, but should not have lasted longer than 470 milliseconds.",231,159,4,4,http://localhost:8079/?token=495324564&user=-1356107170&config=2,701,0,0
1777846608593,701,HTTP Request,200,OK,Config 2 1-5,text,false,"The operation lasted too long: It took 701 milliseconds, but should not have lasted longer than 470 milliseconds.",231,159,4,4,http://localhost:8079/?token=495324564&user=-1356107170&config=2,701,0,0
1777846610091,713,HTTP Request,200,OK,Config 2 1-6,text,false,"The operation lasted too long: It took 713 milliseconds, but should not have lasted longer than 470 milliseconds.",231,159,4,4,http://localhost:8079/?token=495324564&user=-1356107170&config=2,713,0,0
1777846610095,800,HTTP Request,200,OK,Config 2 1-8,text,false,"The operation lasted too long: It took 800 milliseconds, but should not have lasted longer than 470 milliseconds.",231,159,4,4,http://localhost:8079/?token=495324564&user=-1356107170&config=2,800,0,0
1777846610092,803,HTTP Request,200,OK,Config 2 1-5,text,false,"The operation lasted too long: It took 803 milliseconds, but should not have lasted longer than 470 milliseconds.",231,159,4,4,http://localhost:8079/?token=495324564&user=-1356107170&config=2,803,0,0
1777846610095,800,HTTP Request,200,OK,Config 2 1-7,text,false,"The operation lasted too long: It took 800 milliseconds, but should not have lasted longer than 470 milliseconds.",231,159,4,4,http://localhost:8079/?token=495324564&user=-1356107170&config=2,800,0,0
1777846611595,613,HTTP Request,200,OK,Config 2 1-6,text,false,"The operation lasted too long: It took 613 milliseconds, but should not have lasted longer than 470 milliseconds.",231,159,4,4,http://localhost:8079/?token=495324564&user=-1356107170&config=2,613,0,0
1777846611595,700,HTTP Request,200,OK,Config 2 1-8,text,false,"The operation lasted too long: It took 700 milliseconds, but should not have lasted longer than 470 milliseconds.",231,159,4,4,http://localhost:8079/?token=495324564&user=-1356107170&config=2,700,0,0
1777846611594,701,HTTP Request,200,OK,Config 2 1-7,text,false,"The operation lasted too long: It took 701 milliseconds, but should not have lasted longer than 470 milliseconds.",231,159,4,4,http://localhost:8079/?token=495324564&user=-1356107170&config=2,701,0,0
1777846611594,701,HTTP Request,200,OK,Config 2 1-5,text,false,"The operation lasted too long: It took 701 milliseconds, but should not have lasted longer than 470 milliseconds.",231,159,4,4,http://localhost:8079/?token=495324564&user=-1356107170&config=2,701,0,0
1777846613096,677,HTTP Request,200,OK,Config 2 1-8,text,false,"The operation lasted too long: It took 677 milliseconds, but should not have lasted longer than 470 milliseconds.",231,159,4,4,http://localhost:8079/?token=495324564&user=-1356107170&config=2,677,0,0
1777846613091,773,HTTP Request,200,OK,Config 2 1-6,text,false,"The operation lasted too long: It took 773 milliseconds, but should not have lasted longer than 470 milliseconds.",231,159,4,4,http://localhost:8079/?token=495324564&user=-1356107170&config=2,773,0,0
1777846613093,771,HTTP Request,200,OK,Config 2 1-7,text,false,"The operation lasted too long: It took 771 milliseconds, but should not have lasted longer than 470 milliseconds.",231,159,4,4,http://localhost:8079/?token=495324564&user=-1356107170&config=2,771,0,0
1777846613091,773,HTTP Request,200,OK,Config 2 1-5,text,false,"The operation lasted too long: It took 773 milliseconds, but should not have lasted longer than 470 milliseconds.",231,159,4,4,http://localhost:8079/?token=495324564&user=-1356107170&config=2,773,0,0
1777846614592,637,HTTP Request,200,OK,Config 2 1-8,text,false,"The operation lasted too long: It took 637 milliseconds, but should not have lasted longer than 470 milliseconds.",231,159,4,4,http://localhost:8079/?token=495324564&user=-1356107170&config=2,637,0,0
1777846614595,719,HTTP Request,200,OK,Config 2 1-7,text,false,"The operation lasted too long: It took 719 milliseconds, but should not have lasted longer than 470 milliseconds.",231,159,4,4,http://localhost:8079/?token=495324564&user=-1356107170&config=2,719,0,0
1777846614592,722,HTTP Request,200,OK,Config 2 1-5,text,false,"The operation lasted too long: It took 722 milliseconds, but should not have lasted longer than 470 milliseconds.",231,159,4,4,http://localhost:8079/?token=495324564&user=-1356107170&config=2,722,0,0
1777846614595,719,HTTP Request,200,OK,Config 2 1-6,text,false,"The operation lasted too long: It took 719 milliseconds, but should not have lasted longer than 470 milliseconds.",231,159,4,4,http://localhost:8079/?token=495324564&user=-1356107170&config=2,719,0,0
1777846616096,647,HTTP Request,200,OK,Config 2 1-7,text,false,"The operation lasted too long: It took 647 milliseconds, but should not have lasted longer than 470 milliseconds.",231,159,3,3,http://localhost:8079/?token=495324564&user=-1356107170&config=2,647,0,0
1777846616096,740,HTTP Request,200,OK,Config 2 1-6,text,false,"The operation lasted too long: It took 740 milliseconds, but should not have lasted longer than 470 milliseconds.",231,159,3,3,http://localhost:8079/?token=495324564&user=-1356107170&config=2,740,0,0
1777846616093,743,HTTP Request,200,OK,Config 2 1-8,text,false,"The operation lasted too long: It took 743 milliseconds, but should not have lasted longer than 470 milliseconds.",231,159,3,3,http://localhost:8079/?token=495324564&user=-1356107170&config=2,743,0,0
1777846617595,684,HTTP Request,200,OK,Config 2 1-8,text,false,"The operation lasted too long: It took 684 milliseconds, but should not have lasted longer than 470 milliseconds.",231,159,3,3,http://localhost:8079/?token=495324564&user=-1356107170&config=2,684,0,0
1777846617595,770,HTTP Request,200,OK,Config 2 1-6,text,false,"The operation lasted too long: It took 770 milliseconds, but should not have lasted longer than 470 milliseconds.",231,159,3,3,http://localhost:8079/?token=495324564&user=-1356107170&config=2,770,0,0
1777846617593,772,HTTP Request,200,OK,Config 2 1-7,text,false,"The operation lasted too long: It took 772 milliseconds, but should not have lasted longer than 470 milliseconds.",231,159,3,3,http://localhost:8079/?token=495324564&user=-1356107170&config=2,772,0,0
1777846619092,723,HTTP Request,200,OK,Config 2 1-6,text,false,"The operation lasted too long: It took 723 milliseconds, but should not have lasted longer than 470 milliseconds.",231,159,3,3,http://localhost:8079/?token=495324564&user=-1356107170&config=2,723,0,0
1777846619096,808,HTTP Request,200,OK,Config 2 1-7,text,false,"The operation lasted too long: It took 808 milliseconds, but should not have lasted longer than 470 milliseconds.",231,159,3,3,http://localhost:8079/?token=495324564&user=-1356107170&config=2,808,0,0
1777846619092,812,HTTP Request,200,OK,Config 2 1-8,text,false,"The operation lasted too long: It took 812 milliseconds, but should not have lasted longer than 470 milliseconds.",231,159,3,3,http://localhost:8079/?token=495324564&user=-1356107170&config=2,812,0,0
1777846620592,656,HTTP Request,200,OK,Config 2 1-6,text,false,"The operation lasted too long: It took 656 milliseconds, but should not have lasted longer than 470 milliseconds.",231,159,3,3,http://localhost:8079/?token=495324564&user=-1356107170&config=2,656,0,0
1777846620593,741,HTTP Request,200,OK,Config 2 1-8,text,false,"The operation lasted too long: It took 741 milliseconds, but should not have lasted longer than 470 milliseconds.",231,159,3,3,http://localhost:8079/?token=495324564&user=-1356107170&config=2,741,0,0
1777846620591,743,HTTP Request,200,OK,Config 2 1-7,text,false,"The operation lasted too long: It took 743 milliseconds, but should not have lasted longer than 470 milliseconds.",231,159,3,3,http://localhost:8079/?token=495324564&user=-1356107170&config=2,743,0,0
1777846622091,695,HTTP Request,200,OK,Config 2 1-7,text,false,"The operation lasted too long: It took 695 milliseconds, but should not have lasted longer than 470 milliseconds.",231,159,3,3,http://localhost:8079/?token=495324564&user=-1356107170&config=2,695,0,0
1777846622091,783,HTTP Request,200,OK,Config 2 1-8,text,false,"The operation lasted too long: It took 783 milliseconds, but should not have lasted longer than 470 milliseconds.",231,159,3,3,http://localhost:8079/?token=495324564&user=-1356107170&config=2,783,0,0
1777846622094,780,HTTP Request,200,OK,Config 2 1-6,text,false,"The operation lasted too long: It took 780 milliseconds, but should not have lasted longer than 470 milliseconds.",231,159,3,3,http://localhost:8079/?token=495324564&user=-1356107170&config=2,780,0,0
1777846623595,605,HTTP Request,200,OK,Config 2 1-7,text,false,"The operation lasted too long: It took 605 milliseconds, but should not have lasted longer than 470 milliseconds.",231,159,2,2,http://localhost:8079/?token=495324564&user=-1356107170&config=2,605,0,0
1777846623596,688,HTTP Request,200,OK,Config 2 1-8,text,false,"The operation lasted too long: It took 688 milliseconds, but should not have lasted longer than 470 milliseconds.",231,159,2,2,http://localhost:8079/?token=495324564&user=-1356107170&config=2,688,0,0
1777846625095,660,HTTP Request,200,OK,Config 2 1-8,text,false,"The operation lasted too long: It took 660 milliseconds, but should not have lasted longer than 470 milliseconds.",231,159,2,2,http://localhost:8079/?token=495324564&user=-1356107170&config=2,660,0,0
1777846625095,660,HTTP Request,200,OK,Config 2 1-7,text,false,"The operation lasted too long: It took 660 milliseconds, but should not have lasted longer than 470 milliseconds.",231,159,2,2,http://localhost:8079/?token=495324564&user=-1356107170&config=2,660,0,0
1777846626599,691,HTTP Request,200,OK,Config 2 1-7,text,false,"The operation lasted too long: It took 691 milliseconds, but should not have lasted longer than 470 milliseconds.",231,159,2,2,http://localhost:8079/?token=495324564&user=-1356107170&config=2,691,0,0
1777846626599,777,HTTP Request,200,OK,Config 2 1-8,text,false,"The operation lasted too long: It took 777 milliseconds, but should not have lasted longer than 470 milliseconds.",231,159,2,2,http://localhost:8079/?token=495324564&user=-1356107170&config=2,777,0,0
1777846628095,629,HTTP Request,200,OK,Config 2 1-8,text,false,"The operation lasted too long: It took 629 milliseconds, but should not have lasted longer than 470 milliseconds.",231,159,2,2,http://localhost:8079/?token=495324564&user=-1356107170&config=2,629,0,0
1777846628095,720,HTTP Request,200,OK,Config 2 1-7,text,false,"The operation lasted too long: It took 720 milliseconds, but should not have lasted longer than 470 milliseconds.",231,159,2,2,http://localhost:8079/?token=495324564&user=-1356107170&config=2,720,0,0
1777846629593,667,HTTP Request,200,OK,Config 2 1-7,text,false,"The operation lasted too long: It took 667 milliseconds, but should not have lasted longer than 470 milliseconds.",231,159,2,2,http://localhost:8079/?token=495324564&user=-1356107170&config=2,667,0,0
1777846629593,755,HTTP Request,200,OK,Config 2 1-8,text,false,"The operation lasted too long: It took 755 milliseconds, but should not have lasted longer than 470 milliseconds.",231,159,1,1,http://localhost:8079/?token=495324564&user=-1356107170&config=2,755,0,0
1777846631092,603,HTTP Request,200,OK,Config 2 1-8,text,false,"The operation lasted too long: It took 603 milliseconds, but should not have lasted longer than 470 milliseconds.",231,159,1,1,http://localhost:8079/?token=495324564&user=-1356107170&config=2,603,0,0
1777846632596,599,HTTP Request,200,OK,Config 2 1-8,text,false,"The operation lasted too long: It took 599 milliseconds, but should not have lasted longer than 470 milliseconds.",231,159,1,1,http://localhost:8079/?token=495324564&user=-1356107170&config=2,599,0,0
1777846634095,605,HTTP Request,200,OK,Config 2 1-8,text,false,"The operation lasted too long: It took 605 milliseconds, but should not have lasted longer than 470 milliseconds.",231,159,1,1,http://localhost:8079/?token=495324564&user=-1356107170&config=2,605,0,0
1777846635595,599,HTTP Request,200,OK,Config 2 1-8,text,false,"The operation lasted too long: It took 599 milliseconds, but should not have lasted longer than 470 milliseconds.",231,159,1,1,http://localhost:8079/?token=495324564&user=-1356107170&config=2,599,0,0
1777846637093,599,HTTP Request,200,OK,Config 2 1-8,text,false,"The operation lasted too long: It took 599 milliseconds, but should not have lasted longer than 470 milliseconds.",231,159,1,1,http://localhost:8079/?token=495324564&user=-1356107170&config=2,599,0,0
