Choice_1;Choice_2;Choice_3;Choice_4;Choice_5;Choice_6;Choice_7;Choice_8;Choice_9
Big Data;Python;Методы искусственного интеллекта;Обработка изображений;Электронные таблицы;;;;
;;;;;;;;
Методы искусственного интеллекта;Машинное обучение;Python;Обработка изображений;;;;;
;;;;;;;;
Статистика;Визуализация данных;;;;;;;
Статистика;Электронные таблицы;Визуализация данных;Big Data;;;;;
Статистика;Обработка изображений;Визуализация данных;;;;;;
Big Data;Анализ текстов;Статистика;Python;Машинное обучение;Методы искусственного интеллекта;;;
Анализ текстов;Статистика;Электронные таблицы;Визуализация данных;Обработка изображений;;;;
Визуализация данных;Электронные таблицы;Python;Машинное обучение;Big Data;Обработка изображений;Методы искусственного интеллекта;;
Визуализация данных;Python;Машинное обучение;Big Data;Методы искусственного интеллекта;;;;
Визуализация данных;;;;;;;;
;;;;;;;;
Обработка изображений;Анализ текстов;Обработка изображений;;;;;;
Big Data;Python;;;;;;;
Методы искусственного интеллекта;Статистика;Big Data;Визуализация данных;;;;;
Статистика;Визуализация данных;;;;;;;
Статистика;Big Data;;;;;;;
Обработка изображений;Визуализация данных;Машинное обучение;Статистика;Методы искусственного интеллекта;Python;;;
Машинное обучение;;;;;;;;
;;;;;;;;
Визуализация данных;Анализ текстов;Машинное обучение;Big Data;Статистика;Методы искусственного интеллекта;Обработка изображений;Электронные таблицы;Python
Обработка изображений;Электронные таблицы;Визуализация данных;Статистика;;;;;
Машинное обучение;Python;Статистика;Обработка изображений;Анализ текстов;;;;
Машинное обучение;;;;;;;;
Статистика;Электронные таблицы;Визуализация данных;Анализ текстов;;;;;
;;;;;;;;
Методы искусственного интеллекта;Python;Машинное обучение;Визуализация данных;;;;;
Методы искусственного интеллекта;Python;Визуализация данных;;;;;;
;;;;;;;;
Статистика;Python;Анализ текстов;Big Data;Визуализация данных;;;;
Электронные таблицы;;;;;;;;
Анализ текстов;Электронные таблицы;Визуализация данных;Big Data;;;;;
Обработка изображений;Анализ текстов;Big Data;Визуализация данных;Методы искусственного интеллекта;Статистика;Машинное обучение;;
Big Data;Электронные таблицы;Методы искусственного интеллекта;Машинное обучение;;;;;
Визуализация данных;Машинное обучение;Python;Методы искусственного интеллекта;Big Data;;;;
;;;;;;;;
Статистика;Визуализация данных;Анализ текстов;Машинное обучение;;;;;
Ничего из перечисленного;;;;;;;;
Машинное обучение;;;;;;;;
Методы искусственного интеллекта;Статистика;Машинное обучение;Визуализация данных;Электронные таблицы;Анализ текстов;Обработка изображений;;
Анализ текстов;Электронные таблицы;;;;;;;
Ничего из перечисленного;;;;;;;;
Визуализация данных;;;;;;;;
;;;;;;;;
Визуализация данных;Анализ текстов;Машинное обучение;Электронные таблицы;Python;Методы искусственного интеллекта;Обработка изображений;;
Python;Визуализация данных;Обработка изображений;;;;;;
Анализ текстов;Статистика;Python;Визуализация данных;Электронные таблицы;;;;
;;;;;;;;
Статистика;Обработка изображений;;;;;;;
Обработка изображений;Визуализация данных;Статистика;Электронные таблицы;;;;;
Python;Машинное обучение;Big Data;;;;;;
;;;;;;;;
Big Data;Визуализация данных;Python;Статистика;;;;;
Статистика;Электронные таблицы;Визуализация данных;Big Data;Машинное обучение;Методы искусственного интеллекта;Обработка изображений;Анализ текстов;
;;;;;;;;
Визуализация данных;Методы искусственного интеллекта;Электронные таблицы;;;;;;
Big Data;Статистика;Машинное обучение;Визуализация данных;Электронные таблицы;;;;
;;;;;;;;
;;;;;;;;
Визуализация данных;Машинное обучение;Обработка изображений;Методы искусственного интеллекта;;;;;
Электронные таблицы;Анализ текстов;Статистика;Визуализация данных;Big Data;;;;
Ничего из перечисленного;;;;;;;;
Статистика;Визуализация данных;;;;;;;
Методы искусственного интеллекта;Python;Статистика;;;;;;
Электронные таблицы;Обработка изображений;Визуализация данных;;;;;;
;;;;;;;;
;;;;;;;;
Python;Электронные таблицы;Обработка изображений;Анализ текстов;Визуализация данных;;;;
Обработка изображений;;;;;;;;
Статистика;Визуализация данных;Python;Электронные таблицы;Анализ текстов;;;;
Визуализация данных;Big Data;Электронные таблицы;;;;;;
Визуализация данных;Электронные таблицы;Машинное обучение;;;;;;
Методы искусственного интеллекта;Анализ текстов;Визуализация данных;Электронные таблицы;;;;;
Визуализация данных;Обработка изображений;Электронные таблицы;Статистика;Машинное обучение;;;;
Методы искусственного интеллекта;Big Data;Визуализация данных;;;;;;
;;;;;;;;
Методы искусственного интеллекта;Электронные таблицы;Визуализация данных;Статистика;Обработка изображений;Анализ текстов;;;
Big Data;Визуализация данных;;;;;;;
Обработка изображений;Методы искусственного интеллекта;Анализ текстов;Машинное обучение;;;;;
Анализ текстов;;;;;;;;
;;;;;;;;
Обработка изображений;Электронные таблицы;Визуализация данных;Машинное обучение;Python;Статистика;Методы искусственного интеллекта;Анализ текстов;
Методы искусственного интеллекта;Обработка изображений;Big Data;Анализ текстов;;;;;
;;;;;;;;
Машинное обучение;Электронные таблицы;Визуализация данных;Анализ текстов;Методы искусственного интеллекта;Python;;;
Ничего из перечисленного;;;;;;;;
Визуализация данных;;;;;;;;
Статистика;Анализ текстов;Python;;;;;;
Машинное обучение;Визуализация данных;Электронные таблицы;Анализ текстов;Обработка изображений;Методы искусственного интеллекта;Статистика;Python;Big Data
Визуализация данных;;;;;;;;
Обработка изображений;Электронные таблицы;Машинное обучение;Python;Методы искусственного интеллекта;;;;
Машинное обучение;Python;Big Data;Методы искусственного интеллекта;Визуализация данных;;;;
Визуализация данных;Статистика;Обработка изображений;;;;;;
;;;;;;;;
;;;;;;;;
Python;Big Data;Методы искусственного интеллекта;Машинное обучение;;;;;
Обработка изображений;Визуализация данных;Электронные таблицы;;;;;;
Анализ текстов;Визуализация данных;Python;Статистика;;;;;
Статистика;Python;Машинное обучение;Big Data;Визуализация данных;Электронные таблицы;Анализ текстов;Обработка изображений;Методы искусственного интеллекта
;;;;;;;;
;;;;;;;;
Визуализация данных;Big Data;Python;Машинное обучение;;;;;
Статистика;Электронные таблицы;Визуализация данных;;;;;;
Анализ текстов;;;;;;;;
Статистика;;;;;;;;
Методы искусственного интеллекта;Машинное обучение;Python;Электронные таблицы;Big Data;Статистика;;;
Статистика;Визуализация данных;Big Data;Обработка изображений;Анализ текстов;;;;
Методы искусственного интеллекта;Электронные таблицы;Визуализация данных;Big Data;Машинное обучение;Статистика;Анализ текстов;;
Статистика;Машинное обучение;Визуализация данных;Электронные таблицы;;;;;
Big Data;Визуализация данных;Электронные таблицы;Обработка изображений;Анализ текстов;Методы искусственного интеллекта;Статистика;Python;Машинное обучение
Электронные таблицы;Визуализация данных;Статистика;Big Data;;;;;
Python;Машинное обучение;Обработка изображений;Статистика;Big Data;;;;
Визуализация данных;Статистика;Электронные таблицы;;;;;;
Статистика;Обработка изображений;Методы искусственного интеллекта;;;;;;
Обработка изображений;Методы искусственного интеллекта;Статистика;Big Data;Визуализация данных;Электронные таблицы;Анализ текстов;;
Python;Методы искусственного интеллекта;Машинное обучение;Big Data;;;;;
;;;;;;;;
Методы искусственного интеллекта;Обработка изображений;Статистика;Анализ текстов;Big Data;Машинное обучение;Python;;
Статистика;Машинное обучение;Python;Анализ текстов;Электронные таблицы;Big Data;;;
Анализ текстов;Python;Машинное обучение;Big Data;Визуализация данных;Обработка изображений;Статистика;;
Big Data;Машинное обучение;Python;Методы искусственного интеллекта;Анализ текстов;;;;
Визуализация данных;;;;;;;;
Big Data;Электронные таблицы;Визуализация данных;Python;Обработка изображений;Анализ текстов;;;
Статистика;Анализ текстов;Обработка изображений;Электронные таблицы;Визуализация данных;Big Data;Машинное обучение;Python;Методы искусственного интеллекта
Методы искусственного интеллекта;;;;;;;;
Python;Обработка изображений;Машинное обучение;Big Data;Визуализация данных;;;;
Визуализация данных;;;;;;;;
Анализ текстов;Обработка изображений;Статистика;Python;Машинное обучение;;;;
Машинное обучение;Визуализация данных;Python;Анализ текстов;Обработка изображений;Электронные таблицы;Методы искусственного интеллекта;Big Data;
Ничего из перечисленного;;;;;;;;
Методы искусственного интеллекта;Электронные таблицы;Статистика;Python;Big Data;Визуализация данных;;;
Статистика;Электронные таблицы;Визуализация данных;;;;;;
Методы искусственного интеллекта;Электронные таблицы;Визуализация данных;Статистика;Анализ текстов;;;;
Анализ текстов;Обработка изображений;Электронные таблицы;Big Data;Визуализация данных;Статистика;;;
Машинное обучение;Big Data;Визуализация данных;Python;;;;;
Статистика;Обработка изображений;Визуализация данных;Электронные таблицы;;;;;
Обработка изображений;Машинное обучение;Методы искусственного интеллекта;;;;;;
Визуализация данных;Статистика;Электронные таблицы;;;;;;
Big Data;Электронные таблицы;;;;;;;
Визуализация данных;;;;;;;;
Python;Методы искусственного интеллекта;;;;;;;
Python;;;;;;;;
Машинное обучение;Big Data;Python;Визуализация данных;;;;;
;;;;;;;;
Ничего из перечисленного;;;;;;;;
Big Data;Машинное обучение;Анализ текстов;Визуализация данных;;;;;
Электронные таблицы;Статистика;Python;;;;;;
Электронные таблицы;;;;;;;;
Big Data;Визуализация данных;Анализ текстов;Обработка изображений;Методы искусственного интеллекта;;;;
;;;;;;;;
Big Data;Python;Машинное обучение;Статистика;;;;;
Big Data;Визуализация данных;Электронные таблицы;Python;Статистика;Машинное обучение;Методы искусственного интеллекта;Обработка изображений;
Машинное обучение;Визуализация данных;Методы искусственного интеллекта;Обработка изображений;Анализ текстов;Big Data;Статистика;Python;
Визуализация данных;;;;;;;;
Обработка изображений;Машинное обучение;Big Data;Визуализация данных;Электронные таблицы;Статистика;;;
Методы искусственного интеллекта;Статистика;Машинное обучение;Python;Big Data;;;;
Визуализация данных;Электронные таблицы;Методы искусственного интеллекта;Python;Машинное обучение;Обработка изображений;Анализ текстов;Статистика;Big Data
Big Data;Визуализация данных;Анализ текстов;Обработка изображений;Электронные таблицы;Методы искусственного интеллекта;Python;Машинное обучение;Статистика
Python;;;;;;;;
Python;Методы искусственного интеллекта;Big Data;;;;;;
Визуализация данных;Методы искусственного интеллекта;Анализ текстов;Статистика;;;;;
Методы искусственного интеллекта;Big Data;Анализ текстов;;;;;;
Статистика;;;;;;;;
Big Data;;;;;;;;
Статистика;;;;;;;;
Python;Машинное обучение;Визуализация данных;Анализ текстов;;;;;
Big Data;Статистика;Методы искусственного интеллекта;Обработка изображений;Анализ текстов;Электронные таблицы;Визуализация данных;Машинное обучение;
;;;;;;;;
Статистика;Машинное обучение;Python;Визуализация данных;;;;;
Python;;;;;;;;
Электронные таблицы;Визуализация данных;Big Data;Статистика;Методы искусственного интеллекта;Анализ текстов;;;
Python;;;;;;;;
Обработка изображений;Машинное обучение;Статистика;Визуализация данных;;;;;
Python;Машинное обучение;Методы искусственного интеллекта;Обработка изображений;Big Data;Анализ текстов;Визуализация данных;Электронные таблицы;Статистика
Обработка изображений;Электронные таблицы;Визуализация данных;Big Data;Анализ текстов;;;;
Статистика;;;;;;;;
;;;;;;;;
Обработка изображений;Электронные таблицы;Визуализация данных;Python;Статистика;Анализ текстов;;;
Обработка изображений;Визуализация данных;Статистика;Электронные таблицы;;;;;
Методы искусственного интеллекта;Машинное обучение;;;;;;;
Методы искусственного интеллекта;Машинное обучение;Big Data;Анализ текстов;Python;;;;
Машинное обучение;;;;;;;;
;;;;;;;;
;;;;;;;;
Обработка изображений;Визуализация данных;Машинное обучение;Python;;;;;
;;;;;;;;
Электронные таблицы;Машинное обучение;;;;;;;
Машинное обучение;Python;Обработка изображений;Анализ текстов;Методы искусственного интеллекта;Big Data;Визуализация данных;;
Python;Машинное обучение;Статистика;;;;;;
Обработка изображений;Анализ текстов;Машинное обучение;Электронные таблицы;;;;;
Статистика;Методы искусственного интеллекта;Обработка изображений;Анализ текстов;Электронные таблицы;Визуализация данных;Big Data;Машинное обучение;Python
Электронные таблицы;Big Data;;;;;;;
Python;Обработка изображений;Big Data;Машинное обучение;;;;;
;;;;;;;;
Машинное обучение;Электронные таблицы;;;;;;;
;;;;;;;;
Статистика;Электронные таблицы;Визуализация данных;Big Data;Машинное обучение;Python;Методы искусственного интеллекта;Анализ текстов;
;;;;;;;;
;;;;;;;;
Big Data;Python;Методы искусственного интеллекта;;;;;;
Электронные таблицы;Машинное обучение;Методы искусственного интеллекта;Визуализация данных;;;;;
;;;;;;;;
Python;Обработка изображений;;;;;;;
Визуализация данных;Электронные таблицы;Анализ текстов;Обработка изображений;;;;;
Машинное обучение;;;;;;;;
Ничего из перечисленного;;;;;;;;
Обработка изображений;Анализ текстов;Методы искусственного интеллекта;Статистика;Визуализация данных;;;;
Визуализация данных;Электронные таблицы;Статистика;;;;;;
Ничего из перечисленного;;;;;;;;
;;;;;;;;
Обработка изображений;;;;;;;;
Визуализация данных;;;;;;;;
Python;Электронные таблицы;Визуализация данных;Обработка изображений;;;;;
Электронные таблицы;Обработка изображений;Визуализация данных;;;;;;
Обработка изображений;Big Data;Визуализация данных;;;;;;
Python;Анализ текстов;Обработка изображений;Электронные таблицы;Визуализация данных;Методы искусственного интеллекта;Big Data;Машинное обучение;Статистика
Визуализация данных;Big Data;Статистика;Машинное обучение;;;;;
Big Data;Машинное обучение;Python;Статистика;Анализ текстов;Электронные таблицы;Визуализация данных;;
Статистика;Python;Визуализация данных;Электронные таблицы;Обработка изображений;;;;
Python;Анализ текстов;Электронные таблицы;Визуализация данных;Big Data;Машинное обучение;Статистика;;
;;;;;;;;
;;;;;;;;
Анализ текстов;Визуализация данных;Python;Обработка изображений;Методы искусственного интеллекта;;;;
Анализ текстов;Python;Статистика;Методы искусственного интеллекта;Машинное обучение;Big Data;;;
Методы искусственного интеллекта;;;;;;;;
Анализ текстов;Визуализация данных;Машинное обучение;Python;Статистика;Методы искусственного интеллекта;Обработка изображений;;
Машинное обучение;Big Data;Визуализация данных;Электронные таблицы;Статистика;Методы искусственного интеллекта;Обработка изображений;Анализ текстов;Python
Обработка изображений;Методы искусственного интеллекта;Статистика;;;;;;
Обработка изображений;Статистика;Python;Машинное обучение;Визуализация данных;;;;
Визуализация данных;Электронные таблицы;Обработка изображений;;;;;;
;;;;;;;;
Ничего из перечисленного;;;;;;;;
Статистика;Методы искусственного интеллекта;Big Data;Визуализация данных;Электронные таблицы;;;;
Обработка изображений;Анализ текстов;Машинное обучение;;;;;;
Обработка изображений;Анализ текстов;Визуализация данных;Статистика;;;;;
Визуализация данных;Python;Методы искусственного интеллекта;Обработка изображений;Анализ текстов;;;;
Анализ текстов;Электронные таблицы;Визуализация данных;Big Data;Python;Статистика;Методы искусственного интеллекта;;
Визуализация данных;Электронные таблицы;Статистика;;;;;;
Анализ текстов;Электронные таблицы;Визуализация данных;Big Data;Машинное обучение;Статистика;Методы искусственного интеллекта;Обработка изображений;
Ничего из перечисленного;;;;;;;;
Обработка изображений;Методы искусственного интеллекта;Визуализация данных;Анализ текстов;;;;;
Машинное обучение;Визуализация данных;Электронные таблицы;;;;;;
Статистика;Анализ текстов;Электронные таблицы;Визуализация данных;;;;;
Визуализация данных;Анализ текстов;Обработка изображений;Методы искусственного интеллекта;;;;;
Машинное обучение;Визуализация данных;Big Data;Python;Статистика;Методы искусственного интеллекта;Обработка изображений;Анализ текстов;
Анализ текстов;Обработка изображений;Методы искусственного интеллекта;Big Data;Статистика;Python;Машинное обучение;Электронные таблицы;Визуализация данных
Обработка изображений;Методы искусственного интеллекта;Статистика;Python;Визуализация данных;Электронные таблицы;Анализ текстов;;
Методы искусственного интеллекта;Big Data;Обработка изображений;Визуализация данных;Python;;;;
;;;;;;;;
Big Data;Электронные таблицы;Визуализация данных;Машинное обучение;Python;Статистика;Методы искусственного интеллекта;Обработка изображений;Анализ текстов
Анализ текстов;Машинное обучение;Python;Методы искусственного интеллекта;Обработка изображений;;;;
Big Data;Анализ текстов;Обработка изображений;Методы искусственного интеллекта;Статистика;Python;Машинное обучение;;
Big Data;Python;Машинное обучение;Визуализация данных;Электронные таблицы;Анализ текстов;Обработка изображений;Методы искусственного интеллекта;Статистика
Big Data;Визуализация данных;;;;;;;
Визуализация данных;Python;Big Data;;;;;;
Визуализация данных;Обработка изображений;Big Data;Анализ текстов;Электронные таблицы;;;;
;;;;;;;;
;;;;;;;;
;;;;;;;;
Электронные таблицы;Визуализация данных;;;;;;;
;;;;;;;;
;;;;;;;;
Статистика;Обработка изображений;Методы искусственного интеллекта;Визуализация данных;;;;;
Big Data;Машинное обучение;Методы искусственного интеллекта;;;;;;
;;;;;;;;
Big Data;Python;;;;;;;
Big Data;Машинное обучение;Электронные таблицы;Методы искусственного интеллекта;;;;;
Big Data;Python;Статистика;Электронные таблицы;;;;;
Методы искусственного интеллекта;Визуализация данных;Big Data;Машинное обучение;Python;Статистика;Анализ текстов;;
Визуализация данных;Анализ текстов;Статистика;Машинное обучение;Обработка изображений;Big Data;;;
Визуализация данных;Анализ текстов;Методы искусственного интеллекта;Python;Машинное обучение;Big Data;;;
Визуализация данных;Python;Обработка изображений;;;;;;
Методы искусственного интеллекта;Машинное обучение;Python;;;;;;
Статистика;Визуализация данных;Анализ текстов;Электронные таблицы;Обработка изображений;;;;
Анализ текстов;Электронные таблицы;Python;Статистика;Методы искусственного интеллекта;Обработка изображений;Визуализация данных;;
Методы искусственного интеллекта;Визуализация данных;Big Data;Машинное обучение;Python;Статистика;;;
Статистика;Анализ текстов;Визуализация данных;Электронные таблицы;;;;;
Big Data;;;;;;;;
Анализ текстов;Электронные таблицы;Статистика;;;;;;
Методы искусственного интеллекта;Статистика;Визуализация данных;Электронные таблицы;;;;;
Статистика;Машинное обучение;Big Data;;;;;;
Электронные таблицы;Статистика;Визуализация данных;;;;;;
Электронные таблицы;Big Data;Методы искусственного интеллекта;Статистика;;;;;
Обработка изображений;Визуализация данных;Python;;;;;;
Анализ текстов;Машинное обучение;Big Data;Python;Электронные таблицы;Визуализация данных;Статистика;Методы искусственного интеллекта;Обработка изображений
Электронные таблицы;Визуализация данных;Машинное обучение;Статистика;Методы искусственного интеллекта;;;;
Визуализация данных;Электронные таблицы;Python;Статистика;Методы искусственного интеллекта;Машинное обучение;Big Data;;
Big Data;Машинное обучение;Python;Статистика;;;;;
Электронные таблицы;Визуализация данных;Статистика;;;;;;
Анализ текстов;Python;Машинное обучение;Big Data;Визуализация данных;Электронные таблицы;Статистика;Методы искусственного интеллекта;Обработка изображений
Визуализация данных;Статистика;Методы искусственного интеллекта;Обработка изображений;Анализ текстов;Big Data;Электронные таблицы;Python;Машинное обучение
;;;;;;;;
Обработка изображений;Python;Электронные таблицы;Визуализация данных;Статистика;;;;
;;;;;;;;
Визуализация данных;Анализ текстов;Методы искусственного интеллекта;;;;;;
Методы искусственного интеллекта;Статистика;Визуализация данных;;;;;;
Статистика;Электронные таблицы;Визуализация данных;;;;;;
;;;;;;;;
Анализ текстов;Обработка изображений;Статистика;Электронные таблицы;;;;;
Big Data;Python;Машинное обучение;Методы искусственного интеллекта;;;;;
;;;;;;;;
Визуализация данных;;;;;;;;
Big Data;Машинное обучение;Визуализация данных;Статистика;;;;;
Электронные таблицы;;;;;;;;
;;;;;;;;
Анализ текстов;Методы искусственного интеллекта;Статистика;Электронные таблицы;;;;;
Python;Статистика;Обработка изображений;Анализ текстов;Визуализация данных;;;;
Электронные таблицы;Визуализация данных;;;;;;;
;;;;;;;;
;;;;;;;;
Статистика;Анализ текстов;Обработка изображений;Методы искусственного интеллекта;Python;Машинное обучение;Big Data;Визуализация данных;
Методы искусственного интеллекта;;;;;;;;
Электронные таблицы;Визуализация данных;Статистика;Обработка изображений;Анализ текстов;;;;
Машинное обучение;Методы искусственного интеллекта;Обработка изображений;Анализ текстов;;;;;
Визуализация данных;Python;Машинное обучение;Big Data;;;;;
Big Data;Методы искусственного интеллекта;Статистика;Python;Анализ текстов;Машинное обучение;Визуализация данных;;
;;;;;;;;
;;;;;;;;
Обработка изображений;Электронные таблицы;Визуализация данных;Методы искусственного интеллекта;Статистика;;;;
Методы искусственного интеллекта;Машинное обучение;;;;;;;
;;;;;;;;
;;;;;;;;
Методы искусственного интеллекта;Статистика;Обработка изображений;;;;;;
Машинное обучение;Методы искусственного интеллекта;Python;;;;;;
;;;;;;;;
;;;;;;;;
Электронные таблицы;Анализ текстов;Big Data;;;;;;
Статистика;Электронные таблицы;Анализ текстов;Визуализация данных;;;;;
Электронные таблицы;Статистика;Методы искусственного интеллекта;;;;;;
Методы искусственного интеллекта;Электронные таблицы;Визуализация данных;Статистика;Анализ текстов;;;;
Методы искусственного интеллекта;Машинное обучение;Визуализация данных;Обработка изображений;;;;;
Методы искусственного интеллекта;Python;Визуализация данных;Электронные таблицы;Анализ текстов;;;;
Статистика;Электронные таблицы;Big Data;Визуализация данных;;;;;
Машинное обучение;Электронные таблицы;Методы искусственного интеллекта;;;;;;
Визуализация данных;Методы искусственного интеллекта;Python;Машинное обучение;Статистика;;;;
Обработка изображений;Анализ текстов;Визуализация данных;Электронные таблицы;;;;;
Анализ текстов;;;;;;;;
Машинное обучение;Статистика;Python;Big Data;Электронные таблицы;;;;
Электронные таблицы;Анализ текстов;;;;;;;
Машинное обучение;Обработка изображений;Методы искусственного интеллекта;Python;;;;;
;;;;;;;;
Анализ текстов;Методы искусственного интеллекта;Big Data;;;;;;
Машинное обучение;Визуализация данных;Методы искусственного интеллекта;Обработка изображений;Python;Статистика;Big Data;;
Big Data;;;;;;;;
Машинное обучение;Статистика;Методы искусственного интеллекта;Обработка изображений;Анализ текстов;Электронные таблицы;Визуализация данных;Big Data;Python
Методы искусственного интеллекта;;;;;;;;
Машинное обучение;;;;;;;;
Анализ текстов;Big Data;Электронные таблицы;Обработка изображений;Статистика;Визуализация данных;;;
;;;;;;;;
Электронные таблицы;Python;Машинное обучение;Big Data;Статистика;;;;
Python;Визуализация данных;Электронные таблицы;;;;;;
Электронные таблицы;Статистика;Визуализация данных;;;;;;
Машинное обучение;Big Data;Python;Статистика;Методы искусственного интеллекта;Обработка изображений;;;
;;;;;;;;
Статистика;Машинное обучение;Обработка изображений;Электронные таблицы;;;;;
;;;;;;;;
Визуализация данных;Обработка изображений;Анализ текстов;Электронные таблицы;Статистика;Машинное обучение;;;
Ничего из перечисленного;;;;;;;;
Электронные таблицы;Статистика;Анализ текстов;;;;;;
Методы искусственного интеллекта;Машинное обучение;Статистика;;;;;;
Электронные таблицы;Анализ текстов;Статистика;Визуализация данных;;;;;
Python;Ничего из перечисленного;;;;;;;
Ничего из перечисленного;;;;;;;;
Визуализация данных;Машинное обучение;Электронные таблицы;Методы искусственного интеллекта;Анализ текстов;Обработка изображений;Python;Статистика;Big Data
Python;Методы искусственного интеллекта;Анализ текстов;Big Data;Электронные таблицы;Визуализация данных;;;
Big Data;;;;;;;;
Big Data;Анализ текстов;Обработка изображений;Методы искусственного интеллекта;Статистика;Python;Машинное обучение;Визуализация данных;Электронные таблицы
Электронные таблицы;Анализ текстов;Обработка изображений;Методы искусственного интеллекта;Статистика;Визуализация данных;;;
Методы искусственного интеллекта;Обработка изображений;Python;Визуализация данных;Машинное обучение;Анализ текстов;;;
Big Data;Электронные таблицы;Визуализация данных;Анализ текстов;Обработка изображений;Методы искусственного интеллекта;Машинное обучение;Статистика;Python
Big Data;Анализ текстов;Обработка изображений;Методы искусственного интеллекта;Статистика;Python;Машинное обучение;Визуализация данных;Электронные таблицы
Машинное обучение;Визуализация данных;Big Data;Методы искусственного интеллекта;;;;;
;;;;;;;;
;;;;;;;;
Ничего из перечисленного;;;;;;;;
Машинное обучение;Анализ текстов;Обработка изображений;Методы искусственного интеллекта;Статистика;Python;;;
;;;;;;;;
Статистика;Python;Машинное обучение;Анализ текстов;Обработка изображений;Методы искусственного интеллекта;;;
Статистика;Визуализация данных;Big Data;Анализ текстов;;;;;
;;;;;;;;
Анализ текстов;Электронные таблицы;Визуализация данных;Big Data;Машинное обучение;Python;Статистика;Методы искусственного интеллекта;Обработка изображений
Визуализация данных;Обработка изображений;;;;;;;
Электронные таблицы;Обработка изображений;Анализ текстов;Методы искусственного интеллекта;Статистика;;;;
Python;;;;;;;;
Анализ текстов;Обработка изображений;Методы искусственного интеллекта;Python;Машинное обучение;Визуализация данных;;;
;;;;;;;;
Анализ текстов;Электронные таблицы;Визуализация данных;Big Data;Машинное обучение;Python;Статистика;Методы искусственного интеллекта;Обработка изображений
Статистика;Визуализация данных;Big Data;Python;;;;;
Статистика;Визуализация данных;Big Data;Электронные таблицы;Машинное обучение;;;;
Big Data;Визуализация данных;Машинное обучение;Python;Методы искусственного интеллекта;;;;
;;;;;;;;
Статистика;Обработка изображений;Визуализация данных;;;;;;
Методы искусственного интеллекта;Машинное обучение;;;;;;;
Статистика;Визуализация данных;Электронные таблицы;Машинное обучение;Анализ текстов;;;;
;;;;;;;;
;;;;;;;;
Визуализация данных;Электронные таблицы;Python;Методы искусственного интеллекта;;;;;
Визуализация данных;Python;Методы искусственного интеллекта;;;;;;
Статистика;Методы искусственного интеллекта;Машинное обучение;;;;;;
;;;;;;;;
;;;;;;;;
Анализ текстов;Обработка изображений;Методы искусственного интеллекта;Python;Машинное обучение;Визуализация данных;Электронные таблицы;;
Статистика;;;;;;;;
Анализ текстов;Методы искусственного интеллекта;Статистика;Python;Машинное обучение;Big Data;Визуализация данных;;
;;;;;;;;
Big Data;Визуализация данных;Обработка изображений;Машинное обучение;Python;;;;
;;;;;;;;
;;;;;;;;
Машинное обучение;Анализ текстов;Обработка изображений;Методы искусственного интеллекта;Статистика;Электронные таблицы;Визуализация данных;Big Data;Python
Машинное обучение;;;;;;;;
;;;;;;;;
Статистика;Методы искусственного интеллекта;Анализ текстов;Визуализация данных;Big Data;Машинное обучение;Python;;
Машинное обучение;Big Data;Python;;;;;;
Python;;;;;;;;
Машинное обучение;Статистика;Big Data;Методы искусственного интеллекта;Python;;;;
Визуализация данных;Машинное обучение;Python;Статистика;Методы искусственного интеллекта;Обработка изображений;Анализ текстов;Электронные таблицы;Big Data
Обработка изображений;Методы искусственного интеллекта;Машинное обучение;Визуализация данных;Статистика;;;;
Python;Big Data;Визуализация данных;;;;;;
;;;;;;;;
Big Data;Статистика;Python;Машинное обучение;Методы искусственного интеллекта;Python;;;
Статистика;;;;;;;;
;;;;;;;;
Визуализация данных;Машинное обучение;Статистика;Методы искусственного интеллекта;Электронные таблицы;;;;
Статистика;Электронные таблицы;;;;;;;
Методы искусственного интеллекта;Анализ текстов;Обработка изображений;Визуализация данных;Big Data;Машинное обучение;Python;;
Анализ текстов;Обработка изображений;Электронные таблицы;Статистика;Визуализация данных;;;;
Электронные таблицы;Визуализация данных;Машинное обучение;;;;;;
Big Data;;;;;;;;
;;;;;;;;
Методы искусственного интеллекта;Обработка изображений;Машинное обучение;Big Data;Python;;;;
Методы искусственного интеллекта;Big Data;Python;Статистика;Машинное обучение;;;;
Методы искусственного интеллекта;Электронные таблицы;Визуализация данных;Big Data;Машинное обучение;Python;Статистика;Обработка изображений;Анализ текстов
;;;;;;;;
Big Data;;;;;;;;
Электронные таблицы;Анализ текстов;Визуализация данных;;;;;;
Статистика;Электронные таблицы;Обработка изображений;Анализ текстов;Методы искусственного интеллекта;Визуализация данных;Машинное обучение;;
Big Data;;;;;;;;
Визуализация данных;Обработка изображений;Электронные таблицы;Статистика;Методы искусственного интеллекта;;;;
Анализ текстов;Визуализация данных;Машинное обучение;Обработка изображений;Python;Методы искусственного интеллекта;Статистика;;
Обработка изображений;Big Data;Машинное обучение;Методы искусственного интеллекта;;;;;
Анализ текстов;;;;;;;;
Машинное обучение;Методы искусственного интеллекта;Обработка изображений;Python;Статистика;Big Data;;;
;;;;;;;;
Машинное обучение;Анализ текстов;Статистика;;;;;;
Статистика;Python;Методы искусственного интеллекта;Визуализация данных;Big Data;Машинное обучение;;;
;;;;;;;;
Электронные таблицы;Машинное обучение;Методы искусственного интеллекта;Статистика;Python;;;;
Визуализация данных;Электронные таблицы;;;;;;;
Статистика;Электронные таблицы;Визуализация данных;Обработка изображений;Анализ текстов;;;;
Статистика;Визуализация данных;Big Data;Машинное обучение;Python;Методы искусственного интеллекта;Электронные таблицы;;
Визуализация данных;Статистика;Python;Big Data;;;;;
;;;;;;;;
Python;Визуализация данных;;;;;;;
Python;Машинное обучение;Методы искусственного интеллекта;;;;;;
Визуализация данных;Big Data;Анализ текстов;Машинное обучение;Методы искусственного интеллекта;Python;;;
Визуализация данных;Статистика;Электронные таблицы;;;;;;
Машинное обучение;Визуализация данных;Анализ текстов;Обработка изображений;Python;;;;
Машинное обучение;Big Data;Методы искусственного интеллекта;;;;;;
Анализ текстов;;;;;;;;
Визуализация данных;Электронные таблицы;Big Data;Анализ текстов;Обработка изображений;Машинное обучение;Python;Методы искусственного интеллекта;Статистика
Визуализация данных;Big Data;Машинное обучение;Python;Методы искусственного интеллекта;;;;
Электронные таблицы;Python;Визуализация данных;Статистика;;;;;
Визуализация данных;;;;;;;;
Электронные таблицы;Машинное обучение;Статистика;;;;;;
Статистика;Электронные таблицы;Визуализация данных;Big Data;Машинное обучение;Python;Методы искусственного интеллекта;Обработка изображений;
Python;Анализ текстов;Обработка изображений;Методы искусственного интеллекта;Статистика;Машинное обучение;Big Data;Визуализация данных;Электронные таблицы
Методы искусственного интеллекта;Визуализация данных;Big Data;Машинное обучение;Python;Статистика;Обработка изображений;Анализ текстов;
Big Data;Python;;;;;;;
Обработка изображений;Статистика;Визуализация данных;;;;;;
Визуализация данных;Python;Статистика;Big Data;;;;;
;;;;;;;;
Машинное обучение;Методы искусственного интеллекта;;;;;;;
Анализ текстов;Методы искусственного интеллекта;Визуализация данных;;;;;;
Визуализация данных;;;;;;;;
;;;;;;;;
Анализ текстов;Статистика;Машинное обучение;Визуализация данных;Электронные таблицы;;;;
;;;;;;;;
;;;;;;;;
;;;;;;;;
;;;;;;;;
;;;;;;;;
Визуализация данных;Электронные таблицы;Статистика;Обработка изображений;Анализ текстов;;;;
Статистика;Электронные таблицы;Методы искусственного интеллекта;Обработка изображений;Анализ текстов;Визуализация данных;;;
Обработка изображений;;;;;;;;
Обработка изображений;Визуализация данных;Python;Анализ текстов;;;;;
Статистика;Методы искусственного интеллекта;Обработка изображений;Python;;;;;
Электронные таблицы;;;;;;;;
;;;;;;;;
Электронные таблицы;Обработка изображений;Методы искусственного интеллекта;Визуализация данных;;;;;
Визуализация данных;Big Data;;;;;;;
;;;;;;;;
Визуализация данных;Обработка изображений;Статистика;;;;;;
;;;;;;;;
Статистика;Визуализация данных;Электронные таблицы;Методы искусственного интеллекта;;;;;
Python;Визуализация данных;Машинное обучение;;;;;;
Электронные таблицы;Визуализация данных;Big Data;Машинное обучение;Python;Статистика;Методы искусственного интеллекта;Обработка изображений;Анализ текстов
;;;;;;;;
Обработка изображений;;;;;;;;
;;;;;;;;
Визуализация данных;Анализ текстов;Big Data;Электронные таблицы;Статистика;;;;
Python;Анализ текстов;Обработка изображений;Методы искусственного интеллекта;Машинное обучение;Big Data;Визуализация данных;;
Python;Машинное обучение;Big Data;Электронные таблицы;Методы искусственного интеллекта;Визуализация данных;Обработка изображений;Анализ текстов;Статистика
Big Data;Визуализация данных;Электронные таблицы;;;;;;
Визуализация данных;Обработка изображений;Методы искусственного интеллекта;;;;;;
Обработка изображений;Машинное обучение;Методы искусственного интеллекта;Python;;;;;
Анализ текстов;Электронные таблицы;Обработка изображений;;;;;;
Big Data;Визуализация данных;Анализ текстов;;;;;;
Визуализация данных;Электронные таблицы;;;;;;;
;;;;;;;;
Python;;;;;;;;
Электронные таблицы;Визуализация данных;;;;;;;
Электронные таблицы;Анализ текстов;Обработка изображений;Методы искусственного интеллекта;Статистика;Python;Машинное обучение;Big Data;Визуализация данных
Python;;;;;;;;
Анализ текстов;Big Data;Визуализация данных;Электронные таблицы;Машинное обучение;Python;Статистика;Методы искусственного интеллекта;Обработка изображений
Big Data;;;;;;;;
;;;;;;;;
Анализ текстов;Электронные таблицы;Визуализация данных;Python;Статистика;;;;
;;;;;;;;
;;;;;;;;
Статистика;Python;Машинное обучение;Big Data;Визуализация данных;Обработка изображений;Методы искусственного интеллекта;;
;;;;;;;;
Электронные таблицы;;;;;;;;
Анализ текстов;Визуализация данных;Big Data;Машинное обучение;Python;Статистика;Методы искусственного интеллекта;Электронные таблицы;
;;;;;;;;
Big Data;Методы искусственного интеллекта;Анализ текстов;;;;;;
Обработка изображений;Статистика;Python;Машинное обучение;Электронные таблицы;Методы искусственного интеллекта;Анализ текстов;;
Визуализация данных;Электронные таблицы;Big Data;Статистика;Анализ текстов;;;;
Электронные таблицы;Визуализация данных;Big Data;Анализ текстов;Обработка изображений;Методы искусственного интеллекта;Статистика;Python;Машинное обучение
Визуализация данных;Big Data;Машинное обучение;Python;;;;;
;;;;;;;;
Анализ текстов;Машинное обучение;Методы искусственного интеллекта;Визуализация данных;;;;;
Визуализация данных;Big Data;Машинное обучение;Статистика;Методы искусственного интеллекта;Анализ текстов;;;
Электронные таблицы;Ничего из перечисленного;;;;;;;
Python;Методы искусственного интеллекта;Электронные таблицы;Визуализация данных;Big Data;Машинное обучение;Статистика;;
Анализ текстов;Электронные таблицы;Обработка изображений;Визуализация данных;;;;;
Big Data;Методы искусственного интеллекта;Машинное обучение;Python;Визуализация данных;;;;
Визуализация данных;Методы искусственного интеллекта;Статистика;;;;;;
;;;;;;;;
Анализ текстов;Визуализация данных;Электронные таблицы;Методы искусственного интеллекта;Статистика;Python;Машинное обучение;Big Data;
;;;;;;;;
Методы искусственного интеллекта;Python;Статистика;;;;;;
;;;;;;;;
Статистика;Машинное обучение;Визуализация данных;Python;Методы искусственного интеллекта;;;;
Методы искусственного интеллекта;Python;Визуализация данных;Машинное обучение;;;;;
Big Data;Машинное обучение;Анализ текстов;Визуализация данных;;;;;
Статистика;Big Data;Визуализация данных;Электронные таблицы;Python;;;;
;;;;;;;;
Визуализация данных;Электронные таблицы;Анализ текстов;;;;;;
Big Data;Python;;;;;;;
Визуализация данных;Python;Методы искусственного интеллекта;Обработка изображений;;;;;
Статистика;;;;;;;;
Визуализация данных;Электронные таблицы;Методы искусственного интеллекта;Статистика;;;;;
;;;;;;;;
Обработка изображений;Big Data;Статистика;Python;Визуализация данных;;;;
;;;;;;;;
Статистика;;;;;;;;
;;;;;;;;
Статистика;Анализ текстов;Обработка изображений;Big Data;Визуализация данных;Электронные таблицы;;;
Машинное обучение;Методы искусственного интеллекта;Big Data;Визуализация данных;;;;;
Методы искусственного интеллекта;Python;Визуализация данных;;;;;;
Python;Методы искусственного интеллекта;Статистика;Визуализация данных;Электронные таблицы;Big Data;Машинное обучение;;
;;;;;;;;
Машинное обучение;Python;Статистика;Анализ текстов;Визуализация данных;;;;
Python;Машинное обучение;Big Data;Методы искусственного интеллекта;;;;;
Python;Big Data;Машинное обучение;Статистика;Методы искусственного интеллекта;;;;
Анализ текстов;Визуализация данных;Python;;;;;;
Анализ текстов;Статистика;Big Data;Визуализация данных;Электронные таблицы;;;;
Big Data;Анализ текстов;Методы искусственного интеллекта;Статистика;Визуализация данных;;;;
Обработка изображений;Анализ текстов;Электронные таблицы;Визуализация данных;;;;;
Python;Методы искусственного интеллекта;Обработка изображений;Машинное обучение;;;;;
Методы искусственного интеллекта;Python;Визуализация данных;Машинное обучение;Big Data;Обработка изображений;;;
Анализ текстов;Статистика;Визуализация данных;Обработка изображений;;;;;
Статистика;Визуализация данных;Машинное обучение;Big Data;;;;;
Визуализация данных;Анализ текстов;;;;;;;
Машинное обучение;Визуализация данных;Электронные таблицы;Методы искусственного интеллекта;;;;;
Big Data;Анализ текстов;Методы искусственного интеллекта;Обработка изображений;Визуализация данных;;;;
Анализ текстов;Методы искусственного интеллекта;Электронные таблицы;Машинное обучение;Python;;;;
Python;Анализ текстов;Обработка изображений;Визуализация данных;Методы искусственного интеллекта;Электронные таблицы;Статистика;;
Python;Машинное обучение;Анализ текстов;Обработка изображений;Методы искусственного интеллекта;;;;
Big Data;Обработка изображений;Python;Визуализация данных;;;;;
Электронные таблицы;Анализ текстов;Визуализация данных;Статистика;Обработка изображений;;;;
Big Data;Машинное обучение;Python;Методы искусственного интеллекта;;;;;
Методы искусственного интеллекта;Визуализация данных;Python;;;;;;
Big Data;Визуализация данных;Обработка изображений;;;;;;
Статистика;Визуализация данных;;;;;;;
Визуализация данных;Машинное обучение;Электронные таблицы;Методы искусственного интеллекта;Статистика;Python;Big Data;Анализ текстов;Обработка изображений
Электронные таблицы;Анализ текстов;Big Data;Статистика;;;;;
Визуализация данных;Методы искусственного интеллекта;Анализ текстов;Статистика;Python;Машинное обучение;Big Data;Электронные таблицы;
Big Data;Методы искусственного интеллекта;Визуализация данных;;;;;;
Анализ текстов;Статистика;Методы искусственного интеллекта;Электронные таблицы;Визуализация данных;Big Data;Обработка изображений;;
Анализ текстов;Big Data;Машинное обучение;Статистика;Методы искусственного интеллекта;Обработка изображений;Визуализация данных;;
Анализ текстов;Обработка изображений;Методы искусственного интеллекта;;;;;;
Статистика;Электронные таблицы;Визуализация данных;Методы искусственного интеллекта;Обработка изображений;Анализ текстов;;;
Визуализация данных;Машинное обучение;;;;;;;
Ничего из перечисленного;;;;;;;;
;;;;;;;;
Машинное обучение;Python;Визуализация данных;;;;;;
Визуализация данных;Обработка изображений;Машинное обучение;Big Data;;;;;
Машинное обучение;Методы искусственного интеллекта;Big Data;Python;;;;;
